patent_1_id,patent_2_id,patent_1_date,patent_2_date,patent_1_inventor,patent_2_inventor,is_same,top1,top2,top3,top4,top5,avg,std,worse
11475623,10444817,2022-10-18,2019-10-15,fl:ab_ln:appu-1,fl:ab_ln:appu-1,1,0.7815236160418149,0.7699622355046073,0.7465817644451503,0.7391314126522512,0.7390138426019028,0.5049952756680717,0.07964044665287451,0.3132714595831229
11475623,10395623,2022-10-18,2019-08-27,fl:ab_ln:appu-1,fl:ab_ln:appu-1,1,0.748922307894603,0.7413261653579415,0.7212956336604385,0.7178122631033811,0.7051246680178945,0.5118435492152491,0.073441246063981,0.3367299463070439
11475623,10467796,2022-10-18,2019-11-05,fl:ab_ln:appu-1,fl:ab_ln:appu-1,1,0.7534829787072644,0.7239801596755329,0.7225853821866852,0.7176867758019789,0.7103945668945063,0.49662775070524473,0.07876058843885603,0.3103311211099357
11475623,10402933,2022-10-18,2019-09-03,fl:ab_ln:appu-1,fl:ab_ln:appu-1,1,0.7649231253083344,0.7558486908270046,0.7433474616820274,0.7315235144880602,0.725533598190342,0.5052660039960419,0.07899997191161127,0.32183115383448496
11475623,11473533,2022-10-18,2022-10-18,fl:ab_ln:appu-1,fl:ae_ln:dudar-1,0,0.6574444082420136,0.6392167113085666,0.6244414819691364,0.621854925336001,0.6166521152404526,0.46509178935465584,0.06472310291390194,0.3133832408565351
11475623,10444767,2022-10-18,2019-10-15,fl:ab_ln:appu-1,fl:ae_ln:dudar-1,0,0.7667936105043133,0.7427495740705784,0.7253126179295472,0.7245975480434498,0.7238095827489234,0.553233125320719,0.07553264181214586,0.4110124370687548
11475623,10393071,2022-10-18,2019-08-27,fl:ab_ln:appu-1,fl:ae_ln:dudar-1,0,0.6908914037886407,0.6825803436849064,0.6813509441499421,0.6797504588598036,0.6707789413778019,0.531594643415061,0.07123071013810808,0.3528222646874278
11475623,10464564,2022-10-18,2019-11-05,fl:ab_ln:appu-1,fl:ae_ln:dudar-1,0,0.7112003448354282,0.71117743745718,0.6865645254407229,0.6841086893025348,0.6817103468972624,0.5267029943226288,0.06921238885735552,0.3636529952496019
11475623,10401853,2022-10-18,2019-09-03,fl:ab_ln:appu-1,fl:ae_ln:dudar-1,0,0.7112683457617592,0.7081241031791352,0.6864775025789936,0.6833767859513157,0.6795329009985366,0.5198149656532763,0.07277104856387823,0.3443371393343114
11475623,11477488,2022-10-18,2022-10-18,fl:ab_ln:appu-1,fl:by_ln:jeon-110,0,0.7241340493472326,0.7011990915451635,0.6988844059378507,0.6975497278967111,0.6949297830116145,0.5419470031089957,0.06952673929672111,0.3762455464843193
11475623,10448039,2022-10-18,2019-10-15,fl:ab_ln:appu-1,fl:by_ln:jeon-110,0,0.7662865969148372,0.7633924531054985,0.7613229155287896,0.7593315732682652,0.7302965328664325,0.5674604711197039,0.0730959064534124,0.4076939178689547
11475623,10397580,2022-10-18,2019-08-27,fl:ab_ln:appu-1,fl:by_ln:jeon-110,0,0.763475821621439,0.7620114360647374,0.7537873734733262,0.7534910893494821,0.749659448409277,0.5850364352977704,0.07362823424385226,0.4081866203812042
11475623,10469862,2022-10-18,2019-11-05,fl:ab_ln:appu-1,fl:by_ln:jeon-110,0,0.781824397517861,0.763697808786621,0.7540218436313569,0.7522271686654368,0.7405101336301531,0.5800928503107438,0.07613457809023486,0.4217104705188278
11475623,10402674,2022-10-18,2019-09-03,fl:ab_ln:appu-1,fl:by_ln:jeon-110,0,0.8011392162386278,0.8009201288980365,0.7900742026763373,0.7792461991485451,0.7728024980409068,0.5937816897136855,0.07607102260541276,0.40871019740655545
11475623,11477598,2022-10-18,2022-10-18,fl:ab_ln:appu-1,fl:ar_ln:lehtiniemi-2,0,0.7341963582198165,0.7304767732054456,0.7163420503177679,0.7104152652883068,0.7102680975376757,0.522455091413857,0.08984404252554998,0.32687126026301183
11475623,10448186,2022-10-18,2019-10-15,fl:ab_ln:appu-1,fl:ar_ln:lehtiniemi-2,0,0.7508147248406989,0.7362249804142017,0.7263887178785973,0.7252197487741997,0.7190993637567655,0.551123782459236,0.07289131153024184,0.3683513903212956
11475623,10397722,2022-10-18,2019-08-27,fl:ab_ln:appu-1,fl:ar_ln:lehtiniemi-2,0,0.8031799216597929,0.7669891496953357,0.7509169497837574,0.7469822525828659,0.7450209307842667,0.5713213879882902,0.07325768323588283,0.4128762118246427
11475623,10466063,2022-10-18,2019-11-05,fl:ab_ln:appu-1,fl:ar_ln:lehtiniemi-2,0,0.7643814493192967,0.7551271429467128,0.741507016150272,0.7343432096301237,0.7321648506645994,0.5491098499033206,0.07785355353806024,0.3809725355604053
11475623,10402984,2022-10-18,2019-09-03,fl:ab_ln:appu-1,fl:ar_ln:lehtiniemi-2,0,0.703835919361728,0.7037514240517585,0.6944693441416975,0.6910522103457326,0.6874136987689254,0.5334878959067482,0.07400289921142429,0.34608682479396113
11475623,11477558,2022-10-18,2022-10-18,fl:ab_ln:appu-1,fl:be_ln:shaffer-3,0,0.7614460989917746,0.7468463392275179,0.7325163325605545,0.7292877821213172,0.7272107680318386,0.5077365647950357,0.0892605525313477,0.17534445245489827
11475623,D863356,2022-10-18,2019-10-15,fl:ab_ln:appu-1,fl:be_ln:shaffer-3,0,0.6472394850106202,0.6385822401707247,0.6326519178535404,0.619708762586371,0.6096521034838118,0.35068028419560654,0.12766671648570838,0.11712282790654265
11475623,D857546,2022-10-18,2019-08-27,fl:ab_ln:appu-1,fl:be_ln:shaffer-3,0,0.7965868450050061,0.7814881425918622,0.761353964565746,0.7595426526767384,0.7579107665446123,0.6017178719884687,0.07428328745266469,0.44678903696368993
11475623,D865536,2022-10-18,2019-11-05,fl:ab_ln:appu-1,fl:be_ln:shaffer-3,0,0.7570262085256767,0.755773478039439,0.7494569264999001,0.7445823365093112,0.7329917185237934,0.5937257086159994,0.07121877533280664,0.4495056951399102
11475623,D858514,2022-10-18,2019-09-03,fl:ab_ln:appu-1,fl:be_ln:shaffer-3,0,0.8001468656426157,0.7929996555288497,0.7911634590328076,0.790078174958635,0.7813870329684903,0.6312125096275865,0.07525955082427148,0.4480418595110681
10444817,10395623,2019-10-15,2019-08-27,fl:ab_ln:appu-1,fl:ab_ln:appu-1,1,0.8477829581533471,0.8103646556588605,0.8081673912801955,0.7927131334046011,0.7837338720508006,0.5690587645516864,0.07207760185600583,0.39152146410644406
10444817,10467796,2019-10-15,2019-11-05,fl:ab_ln:appu-1,fl:ab_ln:appu-1,1,0.8134846482992784,0.8131464362536264,0.8025782140519976,0.8006716453135001,0.7945256971107674,0.5517551458036004,0.07923808263973715,0.37838863394600875
10444817,10402933,2019-10-15,2019-09-03,fl:ab_ln:appu-1,fl:ab_ln:appu-1,1,0.8609065062030655,0.8111111648430807,0.8065667155158965,0.8055260464035895,0.7916370669005465,0.5635706266499527,0.0782261469550753,0.3808256693283278
10444817,11473533,2019-10-15,2022-10-18,fl:ab_ln:appu-1,fl:ae_ln:dudar-1,0,0.7301192741180825,0.67625129357169,0.6733079630595599,0.6623211242203213,0.6618799798996219,0.5119504430326357,0.06611502855604537,0.36819762648353205
10444817,10444767,2019-10-15,2019-10-15,fl:ab_ln:appu-1,fl:ae_ln:dudar-1,0,0.8603238223331409,0.7902539815594326,0.7746791582017498,0.7730899529988494,0.7672054643030175,0.6080843094295686,0.07694449320021686,0.4636735860708104
10444817,10393071,2019-10-15,2019-08-27,fl:ab_ln:appu-1,fl:ae_ln:dudar-1,0,0.7717984321947967,0.7688981886968735,0.7536404876703777,0.7370006192703752,0.7162720626024044,0.5895044107712416,0.07001768643740525,0.41835049755908066
10444817,10464564,2019-10-15,2019-11-05,fl:ab_ln:appu-1,fl:ae_ln:dudar-1,0,0.8123711425200308,0.7483385526207169,0.7408186852228855,0.7400060570063376,0.7329993983706273,0.5833150693914722,0.06845348157759319,0.43611951553892003
10444817,10401853,2019-10-15,2019-09-03,fl:ab_ln:appu-1,fl:ae_ln:dudar-1,0,0.8126703162651595,0.7596251820792773,0.7408152349703852,0.7405438523683612,0.7310324402846134,0.5766088507246181,0.07235586811511392,0.417875321013096
10444817,11477488,2019-10-15,2022-10-18,fl:ab_ln:appu-1,fl:by_ln:jeon-110,0,0.8208891533595714,0.7943942785984249,0.7893169206266848,0.7873347119586825,0.7829344426095804,0.5921852305632709,0.07189752416511015,0.4270890154055424
10444817,10448039,2019-10-15,2019-10-15,fl:ab_ln:appu-1,fl:by_ln:jeon-110,0,0.8629728330704394,0.8592117380278023,0.8105413538666472,0.8017530164827678,0.7912241475759071,0.6262797791311207,0.07338302208357472,0.46925332923307733
10444817,10397580,2019-10-15,2019-08-27,fl:ab_ln:appu-1,fl:by_ln:jeon-110,0,0.8557613170309922,0.8486175174352039,0.8453999006698403,0.8378707667340036,0.8327456254148032,0.6430861569512024,0.07428359961709488,0.47009830164970606
10444817,10469862,2019-10-15,2019-11-05,fl:ab_ln:appu-1,fl:by_ln:jeon-110,0,0.8815805840432098,0.8474287396640164,0.8311789714641269,0.828145786496929,0.8087657125546672,0.6376246407550307,0.07642193087678062,0.48372218159688546
10444817,10402674,2019-10-15,2019-09-03,fl:ab_ln:appu-1,fl:by_ln:jeon-110,0,0.8957075017561266,0.8949890330380151,0.8868071564122519,0.8789708297147028,0.8625153618007853,0.6509587179240376,0.07677670238374663,0.48473882135010543
10444817,11477598,2019-10-15,2022-10-18,fl:ab_ln:appu-1,fl:ar_ln:lehtiniemi-2,0,0.828995998852586,0.8147148096981216,0.7913421379257471,0.7710145953102776,0.7591996200614175,0.572271044175526,0.09419444930797956,0.3629894202883366
10444817,10448186,2019-10-15,2019-10-15,fl:ab_ln:appu-1,fl:ar_ln:lehtiniemi-2,0,0.8436963825876033,0.8307212545736274,0.8028290279278506,0.7858108160829526,0.7778232171884292,0.6032180841273399,0.0746397702200196,0.4226974180823535
10444817,10397722,2019-10-15,2019-08-27,fl:ab_ln:appu-1,fl:ar_ln:lehtiniemi-2,0,0.889906606379648,0.833969831696452,0.8275212568277481,0.8227844980854325,0.8083021736795285,0.629473572850044,0.07294800431667968,0.46817676112886747
10444817,10466063,2019-10-15,2019-11-05,fl:ab_ln:appu-1,fl:ar_ln:lehtiniemi-2,0,0.8600313552827628,0.824659659278804,0.7921504348992744,0.7914463221747874,0.785427657457206,0.604161672303013,0.0796332806736267,0.43391264639525695
10444817,10402984,2019-10-15,2019-09-03,fl:ab_ln:appu-1,fl:ar_ln:lehtiniemi-2,0,0.7941505987226042,0.7779725590549608,0.7551959546789974,0.7370748143220287,0.7318247784057891,0.5900483090332518,0.07311346797409062,0.4146774842106146
10444817,11477558,2019-10-15,2022-10-18,fl:ab_ln:appu-1,fl:be_ln:shaffer-3,0,0.8464873408454295,0.8213188639127124,0.8139351346272843,0.8044078734682458,0.8043666202354061,0.5568368142423263,0.09289294091184185,0.20041241261188122
10444817,D863356,2019-10-15,2019-10-15,fl:ab_ln:appu-1,fl:be_ln:shaffer-3,0,0.7261944313275852,0.6750232475618855,0.674402205074787,0.6585901675770781,0.6554159615395421,0.4018909656890155,0.13229443667397017,0.16892143291490222
10444817,D857546,2019-10-15,2019-08-27,fl:ab_ln:appu-1,fl:be_ln:shaffer-3,0,0.8917288385026214,0.8686129943695671,0.8254089665162352,0.8168871088483538,0.8061169928014776,0.6595062701840898,0.07620999851153452,0.5099773683170017
10444817,D865536,2019-10-15,2019-11-05,fl:ab_ln:appu-1,fl:be_ln:shaffer-3,0,0.8502275616665642,0.8445339937353922,0.8153044856477805,0.8134916159963762,0.8111118900783295,0.6542635834863476,0.07139098753650115,0.5097438277260684
10444817,D858514,2019-10-15,2019-09-03,fl:ab_ln:appu-1,fl:be_ln:shaffer-3,0,0.9001800690903182,0.8852773530554047,0.8848938498120388,0.8762972631526764,0.8721455414237095,0.6908636048829724,0.07716816512671257,0.5214660607827337
10395623,10467796,2019-08-27,2019-11-05,fl:ab_ln:appu-1,fl:ab_ln:appu-1,1,0.8072252234153644,0.789742725936455,0.7512064905660798,0.7500918396423455,0.749647987660612,0.5579787213679858,0.07292195041071277,0.3805137944725478
10395623,10402933,2019-08-27,2019-09-03,fl:ab_ln:appu-1,fl:ab_ln:appu-1,1,0.8066935563422404,0.7925643532105267,0.7892607314993977,0.7785795341425167,0.7709199259504609,0.5696940309898524,0.07159306917051891,0.40782357979390976
10395623,11473533,2019-08-27,2022-10-18,fl:ab_ln:appu-1,fl:ae_ln:dudar-1,0,0.6757366810830178,0.6751711972425891,0.6685553139317163,0.6638770879989773,0.6506054819563216,0.5173567902925482,0.05850253526435063,0.3827968493155403
10395623,10444767,2019-08-27,2019-10-15,fl:ab_ln:appu-1,fl:ae_ln:dudar-1,0,0.7920066977532878,0.7878212960718117,0.7702440143460109,0.7678064436749146,0.7523055543723344,0.6154346514674635,0.06570852532250916,0.48422077631253047
10395623,10393071,2019-08-27,2019-08-27,fl:ab_ln:appu-1,fl:ae_ln:dudar-1,0,0.72329654069577,0.7176412298873274,0.7138450650679081,0.7136148762495336,0.7118886504997104,0.5971877890341227,0.060043467730776415,0.4342846893347414
10395623,10464564,2019-08-27,2019-11-05,fl:ab_ln:appu-1,fl:ae_ln:dudar-1,0,0.748646729175668,0.7486270326197265,0.7413916052888461,0.7200737261802889,0.7184136174404585,0.5902423200034684,0.058716005850130586,0.46522756464092513
10395623,10401853,2019-08-27,2019-09-03,fl:ab_ln:appu-1,fl:ae_ln:dudar-1,0,0.7481149079864522,0.7480259840366941,0.741663563788778,0.7204717154109006,0.7188464210829972,0.5838291514549174,0.06419905958879868,0.4519042707730184
10395623,11477488,2019-08-27,2022-10-18,fl:ab_ln:appu-1,fl:by_ln:jeon-110,0,0.7529516839016024,0.7453811187841236,0.7316971393941971,0.7313588828540408,0.7275933152687405,0.5988714640817139,0.0594777730951099,0.46036161429958977
10395623,10448039,2019-08-27,2019-10-15,fl:ab_ln:appu-1,fl:by_ln:jeon-110,0,0.8004940166989982,0.7962906319208084,0.7932307633469003,0.7881011279498964,0.7790905728659322,0.6338041755263445,0.06128717343471048,0.5067306802453936
10395623,10397580,2019-08-27,2019-08-27,fl:ab_ln:appu-1,fl:by_ln:jeon-110,0,0.7961181180158416,0.7904074973141826,0.7902048229627465,0.7881355922450733,0.7847337196239862,0.6501563148795744,0.062281958711341096,0.49908460336562205
10395623,10469862,2019-08-27,2019-11-05,fl:ab_ln:appu-1,fl:by_ln:jeon-110,0,0.8117861835732935,0.8075197071975927,0.793533840516295,0.7866759310236155,0.7865138167710157,0.6455152972322851,0.06455004381141045,0.5037484718941331
10395623,10402674,2019-08-27,2019-09-03,fl:ab_ln:appu-1,fl:by_ln:jeon-110,0,0.828933842232075,0.8284026249096443,0.8188940469356834,0.8181755782175737,0.8177856033994562,0.6590702655325882,0.06522215246779778,0.501657645012101
10395623,11477598,2019-08-27,2022-10-18,fl:ab_ln:appu-1,fl:ar_ln:lehtiniemi-2,0,0.7621813040415034,0.7596269417557729,0.7558530703872658,0.7520212902425297,0.7438332334900314,0.5792150667245136,0.08706560767679962,0.3753097901263413
10395623,10448186,2019-08-27,2019-10-15,fl:ab_ln:appu-1,fl:ar_ln:lehtiniemi-2,0,0.7796841827810866,0.7720354912481117,0.7637199126469943,0.7624003557602538,0.7588979755420925,0.6100615514849612,0.06384307238754995,0.4454726982648534
10395623,10397722,2019-08-27,2019-08-27,fl:ab_ln:appu-1,fl:ar_ln:lehtiniemi-2,0,0.8296559416044851,0.812902930909188,0.8027918765587894,0.7934435378611867,0.785380542893356,0.6360338262175811,0.0618375013883261,0.5004825906091559
10395623,10466063,2019-08-27,2019-11-05,fl:ab_ln:appu-1,fl:ar_ln:lehtiniemi-2,0,0.7952079765556913,0.7931077053728466,0.7803769844057542,0.7745379936676663,0.7655088893520337,0.6109328444304398,0.07022471370002482,0.46261339847331223
10395623,10402984,2019-08-27,2019-09-03,fl:ab_ln:appu-1,fl:ar_ln:lehtiniemi-2,0,0.7357652903046008,0.7348483154323618,0.7309108918617563,0.719781665650198,0.7186831742377892,0.5981031912668944,0.0642954169709383,0.44859152359169463
10395623,11477558,2019-08-27,2022-10-18,fl:ab_ln:appu-1,fl:be_ln:shaffer-3,0,0.7824929676793504,0.7820355491167987,0.7741328995875801,0.7649562309256007,0.7622616234552998,0.5636810163885261,0.08600883339495165,0.20889997662271292
10395623,D863356,2019-08-27,2019-10-15,fl:ab_ln:appu-1,fl:be_ln:shaffer-3,0,0.6795861743834846,0.6790394467962311,0.675532059930508,0.6644471615659763,0.6549250407754863,0.4097235643673342,0.1318338933011561,0.18246958668786964
10395623,D857546,2019-08-27,2019-08-27,fl:ab_ln:appu-1,fl:be_ln:shaffer-3,0,0.8269767177149188,0.8269009706008945,0.8103514598182846,0.8028487941495,0.7925040358740926,0.6678609476425631,0.06349851076063825,0.5293410286787131
10395623,D865536,2019-08-27,2019-11-05,fl:ab_ln:appu-1,fl:be_ln:shaffer-3,0,0.7979962234897637,0.7905065356777832,0.7813492271291262,0.7811815321658978,0.7773181773757426,0.6626003845539117,0.058848408623055376,0.5427830490407013
10395623,D858514,2019-08-27,2019-09-03,fl:ab_ln:appu-1,fl:be_ln:shaffer-3,0,0.8329672767681745,0.8318511507791174,0.8220256404695722,0.8196799030156113,0.8190159730916915,0.6990049400161727,0.0633975134476776,0.5422407665319728
10467796,10402933,2019-11-05,2019-09-03,fl:ab_ln:appu-1,fl:ab_ln:appu-1,1,0.8258517757558166,0.798707660747096,0.7899926828418565,0.7868089978922611,0.7845764272748156,0.5537918686110547,0.07990690403907354,0.3674534097586019
10467796,11473533,2019-11-05,2022-10-18,fl:ab_ln:appu-1,fl:ae_ln:dudar-1,0,0.6860372369395235,0.6712759844974289,0.6681137827021714,0.6537444312240136,0.6509754360560781,0.5031268159039026,0.06593012324310367,0.3638453953156745
10467796,10444767,2019-11-05,2019-10-15,fl:ab_ln:appu-1,fl:ae_ln:dudar-1,0,0.7910985802217936,0.7861203113763756,0.7825219138799442,0.7811669953557783,0.7795267806138259,0.5988831781361624,0.07608404686613607,0.45798825001351845
10467796,10393071,2019-11-05,2019-08-27,fl:ab_ln:appu-1,fl:ae_ln:dudar-1,0,0.7246445447836158,0.7178908648762964,0.7099780485710364,0.7092686242576907,0.708771572670393,0.5773707438111325,0.070063063240984,0.41056636621557185
10467796,10464564,2019-11-05,2019-11-05,fl:ab_ln:appu-1,fl:ae_ln:dudar-1,0,0.7602863267532763,0.7409964019409321,0.7339761350590668,0.733782024560081,0.7277426540406247,0.5728093800089259,0.06909514636574522,0.4146775964789896
10467796,10401853,2019-11-05,2019-09-03,fl:ab_ln:appu-1,fl:ae_ln:dudar-1,0,0.760018735958529,0.7418422997670643,0.7346638962773371,0.7339660402742558,0.7252054008218286,0.5658842910648617,0.07219915465392499,0.4095450723249992
10467796,11477488,2019-11-05,2022-10-18,fl:ab_ln:appu-1,fl:by_ln:jeon-110,0,0.7472562390248503,0.7468845668632677,0.7460664212161588,0.7367496993934137,0.7283997477065852,0.5827552103649787,0.0709584765133724,0.4180837639998263
10467796,10448039,2019-11-05,2019-10-15,fl:ab_ln:appu-1,fl:by_ln:jeon-110,0,0.7961967179256131,0.7949461824546298,0.7896762393075889,0.7880944439601756,0.7869835909424917,0.6143442079928135,0.07288152999198291,0.4637125587502735
10467796,10397580,2019-11-05,2019-08-27,fl:ab_ln:appu-1,fl:by_ln:jeon-110,0,0.7887740666157971,0.7850816225342336,0.7842451992345472,0.7837480171554894,0.7836782083439503,0.6319914002010892,0.07409862063617978,0.4544714700334307
10467796,10469862,2019-11-05,2019-11-05,fl:ab_ln:appu-1,fl:by_ln:jeon-110,0,0.8128031049112855,0.8055112388265891,0.8035705881776501,0.7952639850591193,0.7938144774423641,0.626792118714059,0.07631857021392457,0.4766989351051423
10467796,10402674,2019-11-05,2019-09-03,fl:ab_ln:appu-1,fl:by_ln:jeon-110,0,0.8317826301717349,0.8309838668629421,0.8229505478999168,0.8221855894765164,0.8216622155547217,0.6399994258167526,0.07696918030510468,0.47133181166417637
10467796,11477598,2019-11-05,2022-10-18,fl:ab_ln:appu-1,fl:ar_ln:lehtiniemi-2,0,0.7637506671996988,0.7573983294760396,0.7553497781974492,0.7538357689720399,0.7528252312202852,0.5639232908546706,0.0928035173036842,0.3687749158710709
10467796,10448186,2019-11-05,2019-10-15,fl:ab_ln:appu-1,fl:ar_ln:lehtiniemi-2,0,0.7814358654930279,0.7736020418001687,0.7670563907337417,0.7640236999436153,0.7614713953737134,0.5941839525587425,0.07422527147530325,0.4235080431437999
10467796,10397722,2019-11-05,2019-08-27,fl:ab_ln:appu-1,fl:ar_ln:lehtiniemi-2,0,0.8259750887306897,0.8232882875868831,0.8071224400006118,0.8044339795190856,0.8006336388410593,0.6176116349969536,0.07345899495602257,0.455118461384238
10467796,10466063,2019-11-05,2019-11-05,fl:ab_ln:appu-1,fl:ar_ln:lehtiniemi-2,0,0.7900174578927348,0.7894573003288864,0.7883805019055031,0.7742144566812664,0.7699318194614384,0.5943180562780814,0.07860330207306818,0.4353453702068162
10467796,10402984,2019-11-05,2019-09-03,fl:ab_ln:appu-1,fl:ar_ln:lehtiniemi-2,0,0.7359289076905006,0.7312137498404068,0.7280347366523195,0.7256796998803791,0.7204604258008184,0.5794347665473306,0.073104523781397,0.40745376506911535
10467796,11477558,2019-11-05,2022-10-18,fl:ab_ln:appu-1,fl:be_ln:shaffer-3,0,0.7804596189510143,0.7762820529276915,0.7762707711949334,0.7619429008380447,0.7614310642223576,0.5477056893035118,0.09232232491074792,0.21005726665447913
10467796,D863356,2019-11-05,2019-10-15,fl:ab_ln:appu-1,fl:be_ln:shaffer-3,0,0.6716445903824046,0.6701854648940712,0.6691031215796053,0.6606599354535543,0.6590228952000678,0.39100638192365805,0.13004746367107287,0.16643886718894396
10467796,D857546,2019-11-05,2019-08-27,fl:ab_ln:appu-1,fl:be_ln:shaffer-3,0,0.8230476718357347,0.8208191162397825,0.8147594983483794,0.807648564270986,0.8067609147486127,0.6496738288145533,0.07559819827389572,0.5013812118275227
10467796,D865536,2019-11-05,2019-11-05,fl:ab_ln:appu-1,fl:be_ln:shaffer-3,0,0.7902377116684456,0.7896492860281178,0.7842780845784157,0.7834590163395263,0.7794415981494464,0.6422854641272967,0.07175498547877696,0.4992724310397331
10467796,D858514,2019-11-05,2019-09-03,fl:ab_ln:appu-1,fl:be_ln:shaffer-3,0,0.832561824124187,0.8252248875333963,0.8245981567647047,0.8194968400164924,0.8168775039281704,0.6796169249259104,0.07771718178100659,0.5097558490828306
10402933,11473533,2019-09-03,2022-10-18,fl:ab_ln:appu-1,fl:ae_ln:dudar-1,0,0.7168388621982856,0.6748561468251342,0.6740117635586289,0.6626100758137664,0.6588336119444262,0.5114202345443138,0.06529242183284993,0.3720337675644233
10402933,10444767,2019-09-03,2019-10-15,fl:ab_ln:appu-1,fl:ae_ln:dudar-1,0,0.8463687017313917,0.7896626118920094,0.7865922160629052,0.7801370085941637,0.7592260594536511,0.6092510247891898,0.07529122989821782,0.468587887159025
10402933,10393071,2019-09-03,2019-08-27,fl:ab_ln:appu-1,fl:ae_ln:dudar-1,0,0.7584095420686126,0.74834295281359,0.7346301631431402,0.7220837133775878,0.7167607966268459,0.5891817594071619,0.069677139410888,0.4231156895428
10402933,10464564,2019-09-03,2019-11-05,fl:ab_ln:appu-1,fl:ae_ln:dudar-1,0,0.7930324155271543,0.7628603910897308,0.7451350046762034,0.7384170508236306,0.7375916094213587,0.5839589060060408,0.06818525676250682,0.43254770718739766
10402933,10401853,2019-09-03,2019-09-03,fl:ab_ln:appu-1,fl:ae_ln:dudar-1,0,0.7921752192334423,0.7610554177582767,0.7437573758322338,0.7408062150940408,0.7380904215979462,0.5774755678551622,0.07122288175163131,0.4293047413630266
10402933,11477488,2019-09-03,2022-10-18,fl:ab_ln:appu-1,fl:by_ln:jeon-110,0,0.8111502744677359,0.7858688867926046,0.7808851726012259,0.7785808612451811,0.7640888121476259,0.593420649787234,0.07154127596773878,0.43098992609628844
10402933,10448039,2019-09-03,2019-10-15,fl:ab_ln:appu-1,fl:by_ln:jeon-110,0,0.8419730759601137,0.8408131312929289,0.7980771002548286,0.7964535986241852,0.7961167578106119,0.6271943536518512,0.07258146699841618,0.4732566838370517
10402933,10397580,2019-09-03,2019-08-27,fl:ab_ln:appu-1,fl:by_ln:jeon-110,0,0.8424238192392259,0.8381118301442477,0.8322237171098663,0.8188473879400998,0.8119689816900836,0.6434476134436962,0.07260733565182981,0.4810661782617277
10402933,10469862,2019-09-03,2019-11-05,fl:ab_ln:appu-1,fl:by_ln:jeon-110,0,0.8691384326568462,0.8369287359018874,0.8233391832325531,0.8168757017124362,0.8080341673782875,0.6389809121738209,0.07572095795745913,0.4894129726591426
10402933,10402674,2019-09-03,2019-09-03,fl:ab_ln:appu-1,fl:by_ln:jeon-110,0,0.8839680479909683,0.8834901169921878,0.868384190887246,0.8582336716025039,0.851175371195182,0.6513446300710539,0.07603667638265152,0.4892022924362716
10402933,11477598,2019-09-03,2022-10-18,fl:ab_ln:appu-1,fl:ar_ln:lehtiniemi-2,0,0.817201744039447,0.7913139429064676,0.7757250217152852,0.76173283248295,0.760037496346089,0.5732845731941574,0.09344683879052668,0.36771482172581743
10402933,10448186,2019-09-03,2019-10-15,fl:ab_ln:appu-1,fl:ar_ln:lehtiniemi-2,0,0.8371035502985165,0.8187893104240455,0.7835795049990835,0.7770295302325912,0.7758258892825002,0.6036250385011671,0.07383505335170487,0.4237563446477788
10402933,10397722,2019-09-03,2019-08-27,fl:ab_ln:appu-1,fl:ar_ln:lehtiniemi-2,0,0.8785984002981897,0.82950503297141,0.8136000953700256,0.8133868777651596,0.8111035201257796,0.6294551964123615,0.07311558854959928,0.4822746761163912
10402933,10466063,2019-09-03,2019-11-05,fl:ab_ln:appu-1,fl:ar_ln:lehtiniemi-2,0,0.8364374513360798,0.8062303396562421,0.7929991211382759,0.7915721151843467,0.7884841498759114,0.6042115771296193,0.07846402005154171,0.43847169494073873
10402933,10402984,2019-09-03,2019-09-03,fl:ab_ln:appu-1,fl:ar_ln:lehtiniemi-2,0,0.7721713947348715,0.759704284385794,0.7344879687199597,0.734406424678888,0.732649258001077,0.5891101646086567,0.07140746577859802,0.42536762583126125
10402933,11477558,2019-09-03,2022-10-18,fl:ab_ln:appu-1,fl:be_ln:shaffer-3,0,0.8251471623443022,0.8070175774495967,0.7960309497193441,0.7936660291345647,0.79204658345038,0.5567920476529052,0.09239536644809668,0.21271632607035887
10402933,D863356,2019-09-03,2019-10-15,fl:ab_ln:appu-1,fl:be_ln:shaffer-3,0,0.6992891916311352,0.6875295057473874,0.6740085876768287,0.6675695042298209,0.6638558304664284,0.4014056767835369,0.13229411158336452,0.17484385188806867
10402933,D857546,2019-09-03,2019-08-27,fl:ab_ln:appu-1,fl:be_ln:shaffer-3,0,0.8771726760544502,0.8444842505359331,0.8260399981728952,0.825887475942142,0.8157867278764561,0.6599601547731608,0.07444984843439174,0.516169304707701
10402933,D865536,2019-09-03,2019-11-05,fl:ab_ln:appu-1,fl:be_ln:shaffer-3,0,0.835423230657465,0.827839855632386,0.8054305774832887,0.7963956339053737,0.7937896508847715,0.6544289548172522,0.07106513924878187,0.520458811035168
10402933,D858514,2019-09-03,2019-09-03,fl:ab_ln:appu-1,fl:be_ln:shaffer-3,0,0.8824305850425626,0.8701335155078536,0.8680645079908963,0.8564161681940287,0.8536176870398473,0.6914335537853117,0.07690107779097026,0.5323098706787934
11473533,10444767,2022-10-18,2019-10-15,fl:ae_ln:dudar-1,fl:ae_ln:dudar-1,1,0.717374228942931,0.6619682884190622,0.6548686322023395,0.6530848162922555,0.6523812951899703,0.5583664205983407,0.05954377158058416,0.4494478476054037
11473533,10393071,2022-10-18,2019-08-27,fl:ae_ln:dudar-1,fl:ae_ln:dudar-1,1,0.6421433313953087,0.6369044628941336,0.6310105969426628,0.6082740704517021,0.6037036812855603,0.5358483928543368,0.052672873782723985,0.41461929917061774
11473533,10464564,2022-10-18,2019-11-05,fl:ae_ln:dudar-1,fl:ae_ln:dudar-1,1,0.6849495906510525,0.6268635047880341,0.622065031574984,0.6190135071258881,0.6124512848812025,0.5317741503826652,0.05350303128669897,0.4172898832747835
11473533,10401853,2022-10-18,2019-09-03,fl:ae_ln:dudar-1,fl:ae_ln:dudar-1,1,0.6857235982211897,0.6300632284111238,0.6284371101650905,0.624869743595256,0.6133754070552054,0.524999899442873,0.05902365823853642,0.40560585380305153
11473533,11477488,2022-10-18,2022-10-18,fl:ae_ln:dudar-1,fl:by_ln:jeon-110,0,0.6646379991454365,0.6644862862209016,0.6596457253933408,0.6577273521091236,0.6550945475105651,0.54248553004943,0.052941183626766176,0.4237986350213542
11473533,10448039,2022-10-18,2019-10-15,fl:ae_ln:dudar-1,fl:by_ln:jeon-110,0,0.7147323725184385,0.7102882126519429,0.6954423390268658,0.6707829312033512,0.6615967021313042,0.5713179285023849,0.05690181326818828,0.4629357632149196
11473533,10397580,2022-10-18,2019-08-27,fl:ae_ln:dudar-1,fl:by_ln:jeon-110,0,0.7223287482620612,0.7171040429617501,0.7056451677600246,0.705243741814966,0.7050693952235813,0.588866502287188,0.05827494660984109,0.4490448660040079
11473533,10469862,2022-10-18,2019-11-05,fl:ae_ln:dudar-1,fl:by_ln:jeon-110,0,0.7454286092382899,0.7040848185916189,0.6998199250188961,0.6972342687646621,0.6715893262736286,0.5846410555432736,0.059085198487981466,0.4707962730158789
11473533,10402674,2022-10-18,2019-09-03,fl:ae_ln:dudar-1,fl:by_ln:jeon-110,0,0.7557003933287977,0.7552162614832151,0.7430979411709754,0.7291846842273602,0.723033755048768,0.6004499183301396,0.057294643840822765,0.4687470869031093
11473533,11477598,2022-10-18,2022-10-18,fl:ae_ln:dudar-1,fl:ar_ln:lehtiniemi-2,0,0.6925709185520569,0.6689445918353558,0.6559251894266098,0.6363787991537815,0.635948143310794,0.5248061586630618,0.07727814241186459,0.3568232921175188
11473533,10448186,2022-10-18,2019-10-15,fl:ae_ln:dudar-1,fl:ar_ln:lehtiniemi-2,0,0.7012093618522458,0.695190923312516,0.6628721388332904,0.6618489966309591,0.6598030210329834,0.5560947758396183,0.05737582425982311,0.42864198414031207
11473533,10397722,2022-10-18,2019-08-27,fl:ae_ln:dudar-1,fl:ar_ln:lehtiniemi-2,0,0.7480043061944115,0.6884752727695608,0.6877590565276027,0.6766578381316132,0.6725963453397298,0.5760079021802993,0.055118509262316234,0.45314621393532417
11473533,10466063,2022-10-18,2019-11-05,fl:ae_ln:dudar-1,fl:ar_ln:lehtiniemi-2,0,0.7231611970586055,0.6921063841520696,0.66878259471457,0.661076508557388,0.6547293762130391,0.5537716730110439,0.06248800514832775,0.42884224571274
11473533,10402984,2022-10-18,2019-09-03,fl:ae_ln:dudar-1,fl:ar_ln:lehtiniemi-2,0,0.6552972705639009,0.6478206139562193,0.6298789639753357,0.6297808683273672,0.6162503093775012,0.5402940598113544,0.05698805689983957,0.4197042072520321
11473533,11477558,2022-10-18,2022-10-18,fl:ae_ln:dudar-1,fl:be_ln:shaffer-3,0,0.7035200561630026,0.6846738963800667,0.6769459876131576,0.6735067806406081,0.6729220650917515,0.5110199684604158,0.07796435468627762,0.2033073346903341
11473533,D863356,2022-10-18,2019-10-15,fl:ae_ln:dudar-1,fl:be_ln:shaffer-3,0,0.5780232030403966,0.5726934157837054,0.5499631468654688,0.5494494395558682,0.5305845741983328,0.35804341456119293,0.11640956671752214,0.1654569165797167
11473533,D857546,2022-10-18,2019-08-27,fl:ae_ln:dudar-1,fl:be_ln:shaffer-3,0,0.7496670113762445,0.7327916217966028,0.6975608531236435,0.6850555438384657,0.6783927775607549,0.6095164672437418,0.05668590497553694,0.508142026012428
11473533,D865536,2022-10-18,2019-11-05,fl:ae_ln:dudar-1,fl:be_ln:shaffer-3,0,0.7051826851267429,0.7036378894417149,0.6825595701244627,0.6825248274413986,0.6584106011089562,0.5964906605982453,0.053070422617048335,0.49087069450984844
11473533,D858514,2022-10-18,2019-09-03,fl:ae_ln:dudar-1,fl:be_ln:shaffer-3,0,0.7482481501088317,0.74095614577522,0.7345831902223681,0.7296976089389174,0.7245036549436853,0.6347519610889515,0.05491658925048729,0.5268032793252564
10444767,10393071,2019-10-15,2019-08-27,fl:ae_ln:dudar-1,fl:ae_ln:dudar-1,1,0.7506143633430787,0.746674280131077,0.7344574669622433,0.7123379792458783,0.6940747700374488,0.6396136622856713,0.058951720223834804,0.5213426640955408
10444767,10464564,2019-10-15,2019-11-05,fl:ae_ln:dudar-1,fl:ae_ln:dudar-1,1,0.7852641555523597,0.7297843673699145,0.7169772443545233,0.7107909196379458,0.7080969941917917,0.631269688676912,0.061180423510832485,0.5134107214977639
10444767,10401853,2019-10-15,2019-09-03,fl:ae_ln:dudar-1,fl:ae_ln:dudar-1,1,0.7849781634614411,0.7357745266529356,0.7212018026100543,0.7084809689187147,0.7078136613703518,0.6231656846055302,0.06755876306398685,0.5083146647286635
10444767,11477488,2019-10-15,2022-10-18,fl:ae_ln:dudar-1,fl:by_ln:jeon-110,0,0.7978516539681795,0.7825581404106043,0.7788325517976619,0.7769926500851069,0.7635762384753978,0.6584680901550681,0.06349823484019891,0.5268973643686836
10444767,10448039,2019-10-15,2019-10-15,fl:ae_ln:dudar-1,fl:by_ln:jeon-110,0,0.8420518892142264,0.8419637148725034,0.7942918977633419,0.7874854063958132,0.7694080560287687,0.6850599453114238,0.06276680763250742,0.5850156913818468
10444767,10397580,2019-10-15,2019-08-27,fl:ae_ln:dudar-1,fl:by_ln:jeon-110,0,0.840042126072349,0.8326748747994392,0.829955549091305,0.820862357009168,0.8172899408522212,0.7098083581212361,0.06207174476758511,0.5888519802718956
10444767,10469862,2019-10-15,2019-11-05,fl:ae_ln:dudar-1,fl:by_ln:jeon-110,0,0.8724954768419315,0.8305931766997505,0.8256152324875625,0.8144423588580345,0.7886847369917278,0.7030870999504918,0.06906376237933216,0.5836199901459463
10444767,10402674,2019-10-15,2019-09-03,fl:ae_ln:dudar-1,fl:by_ln:jeon-110,0,0.8813408962245852,0.8807452016858539,0.8688547319682902,0.8579845169886396,0.846270804387422,0.7136080869840737,0.06579997499428476,0.5896159421878927
10444767,11477598,2019-10-15,2022-10-18,fl:ae_ln:dudar-1,fl:ar_ln:lehtiniemi-2,0,0.8171695698272605,0.7926700993484451,0.7745822999754721,0.7517039764298866,0.7460742704867495,0.6357316173529152,0.09095273977279925,0.45463930165622674
10444767,10448186,2019-10-15,2019-10-15,fl:ae_ln:dudar-1,fl:ar_ln:lehtiniemi-2,0,0.83247482166101,0.8116435204769089,0.7937769838275441,0.7768798673982698,0.7683916319665496,0.6660005527963958,0.06465113290506165,0.5320039307667124
10444767,10397722,2019-10-15,2019-08-27,fl:ae_ln:dudar-1,fl:ar_ln:lehtiniemi-2,0,0.8820756789175194,0.8058146376092306,0.7953771200381438,0.7923420466413816,0.7859821833015165,0.6866058687466551,0.06066244872679356,0.5778371101471167
10444767,10466063,2019-10-15,2019-11-05,fl:ae_ln:dudar-1,fl:ar_ln:lehtiniemi-2,0,0.8434745055872207,0.8062239613171253,0.7728576269214721,0.768879318748695,0.7677681250393129,0.6634707051894705,0.0701144187430864,0.5491598962683977
10444767,10402984,2019-10-15,2019-09-03,fl:ae_ln:dudar-1,fl:ar_ln:lehtiniemi-2,0,0.7773001977649955,0.7697167679899654,0.7407527670916076,0.723789574761776,0.7133745653565585,0.644486735044603,0.06602650786459106,0.503687666809638
10444767,11477558,2019-10-15,2022-10-18,fl:ae_ln:dudar-1,fl:be_ln:shaffer-3,0,0.8274188218685262,0.8085048696862928,0.7942842775594856,0.7873349357433257,0.786980238109786,0.61284511305664,0.09302713097106764,0.23264163191533158
10444767,D863356,2019-10-15,2019-10-15,fl:ae_ln:dudar-1,fl:be_ln:shaffer-3,0,0.7069970723896662,0.6287055550975185,0.6241774917303995,0.618567819743742,0.5875126694151579,0.4138929727791797,0.14073817781120657,0.18913057304515019
10444767,D857546,2019-10-15,2019-08-27,fl:ae_ln:dudar-1,fl:be_ln:shaffer-3,0,0.8780139794260009,0.8535274069859615,0.8151676525244386,0.8040657745404658,0.7996296356885761,0.7316954818306945,0.06524913266087504,0.6306288010166513
10444767,D865536,2019-10-15,2019-11-05,fl:ae_ln:dudar-1,fl:be_ln:shaffer-3,0,0.8356404115987495,0.8283161178578875,0.8047170720133762,0.7842524270275615,0.7697251910514108,0.7126055038135738,0.05508093864337506,0.6178407782251455
10444767,D858514,2019-10-15,2019-09-03,fl:ae_ln:dudar-1,fl:be_ln:shaffer-3,0,0.8816796901349304,0.8721897526124274,0.8665677348441103,0.8583741836016558,0.8543080778022,0.761954437273633,0.058487537366431266,0.6587318874279501
10393071,10464564,2019-08-27,2019-11-05,fl:ae_ln:dudar-1,fl:ae_ln:dudar-1,1,0.7190564362498114,0.712815504951939,0.7022445703734914,0.6940161043713728,0.6714436123953709,0.6117931823281667,0.05576881603991879,0.47402534314586975
10393071,10401853,2019-08-27,2019-09-03,fl:ae_ln:dudar-1,fl:ae_ln:dudar-1,1,0.7156450995595695,0.7112554685988126,0.7029927776040014,0.692578968738277,0.6811881091072202,0.6043769642263402,0.06246372042434318,0.4705057321694478
10393071,11477488,2019-08-27,2022-10-18,fl:ae_ln:dudar-1,fl:by_ln:jeon-110,0,0.7146708723679549,0.7129850761347072,0.6913430492881878,0.6872346326958189,0.6869896992254408,0.6235835822969201,0.05105702772184992,0.4950281575167413
10393071,10448039,2019-08-27,2019-10-15,fl:ae_ln:dudar-1,fl:by_ln:jeon-110,0,0.764916870888324,0.7646047886743695,0.7563477369612895,0.7534863917942404,0.7497634321857142,0.6588979329644817,0.0569221974197555,0.5354063846395555
10393071,10397580,2019-08-27,2019-08-27,fl:ae_ln:dudar-1,fl:by_ln:jeon-110,0,0.7489110204671766,0.7483271104475773,0.7480728891142702,0.7457227233336902,0.743778943976609,0.6749401110898133,0.05314086724087101,0.5217700738335025
10393071,10469862,2019-08-27,2019-11-05,fl:ae_ln:dudar-1,fl:by_ln:jeon-110,0,0.7694987666638039,0.7674388194681022,0.7537943806666354,0.7477390384897581,0.7458316625111397,0.6721619571336949,0.05486590407425518,0.5477738384098421
10393071,10402674,2019-08-27,2019-09-03,fl:ae_ln:dudar-1,fl:by_ln:jeon-110,0,0.787596792292544,0.786850354848214,0.7845373907485348,0.7818502776893801,0.7808387475919539,0.68515597226906,0.05663705462437131,0.5452070710102542
10393071,11477598,2019-08-27,2022-10-18,fl:ae_ln:dudar-1,fl:ar_ln:lehtiniemi-2,0,0.7274040744594391,0.720146245605244,0.7175137737876333,0.7130952668143431,0.6981847326436089,0.6018628720163735,0.08432543396382544,0.41544748285441935
10393071,10448186,2019-08-27,2019-10-15,fl:ae_ln:dudar-1,fl:ar_ln:lehtiniemi-2,0,0.7370553763966237,0.7361951853966764,0.7303375101231484,0.7263027797667271,0.7181345501202365,0.6339460639272803,0.05564899561230747,0.4864154331725697
10393071,10397722,2019-08-27,2019-08-27,fl:ae_ln:dudar-1,fl:ar_ln:lehtiniemi-2,0,0.792423796123776,0.7731115318152294,0.7535704634967961,0.7478283568283266,0.7419282568097137,0.661563245942085,0.05497867333313958,0.5208481107805272
10393071,10466063,2019-08-27,2019-11-05,fl:ae_ln:dudar-1,fl:ar_ln:lehtiniemi-2,0,0.7625088435534291,0.7532942656458814,0.7509111062941576,0.7359994227262661,0.7254979020526184,0.6348775548610055,0.06644996719612352,0.48688601113145435
10393071,10402984,2019-08-27,2019-09-03,fl:ae_ln:dudar-1,fl:ar_ln:lehtiniemi-2,0,0.7189508248917343,0.6983200916880142,0.6967249891510756,0.6953464630202042,0.6914310561799885,0.6204944137363783,0.0593002583829023,0.47086478949056837
10393071,11477558,2019-08-27,2022-10-18,fl:ae_ln:dudar-1,fl:be_ln:shaffer-3,0,0.7461342882045839,0.7379102056920009,0.7319853383415418,0.7251580584225313,0.7215705023108085,0.5842813142994955,0.08491092119206627,0.22178731677038468
10393071,D863356,2019-08-27,2019-10-15,fl:ae_ln:dudar-1,fl:be_ln:shaffer-3,0,0.679746097223952,0.6570253816473739,0.650713135520939,0.6447993938685365,0.5913455351611557,0.42631703255443537,0.13889142729205733,0.19659245159178831
10393071,D857546,2019-08-27,2019-08-27,fl:ae_ln:dudar-1,fl:be_ln:shaffer-3,0,0.7850216813829561,0.7772994955187356,0.7739036122846211,0.7531728871226029,0.7525420859458765,0.6900452959049267,0.05375006490280869,0.5841930168161452
10393071,D865536,2019-08-27,2019-11-05,fl:ae_ln:dudar-1,fl:be_ln:shaffer-3,0,0.7669556133267065,0.758533692816808,0.7535102495706728,0.7466789296243891,0.7452861828842234,0.6907196803032807,0.04988103185992427,0.5792999595297038
10393071,D858514,2019-08-27,2019-09-03,fl:ae_ln:dudar-1,fl:be_ln:shaffer-3,0,0.7920172394537776,0.7910082295306692,0.7830045557482953,0.7813499468594695,0.7804592573661661,0.7253945158621387,0.052411933921587814,0.5996069968135918
10464564,10401853,2019-11-05,2019-09-03,fl:ae_ln:dudar-1,fl:ae_ln:dudar-1,1,0.8444434628903866,0.7324967098136401,0.7063949512435805,0.6966545255698441,0.6887663832392982,0.6086955494719011,0.06629446051699818,0.5167969082158035
10464564,11477488,2019-11-05,2022-10-18,fl:ae_ln:dudar-1,fl:by_ln:jeon-110,0,0.75182254691442,0.7291153437626371,0.7258111945569898,0.7243425727501221,0.7192535841084047,0.618937428974979,0.05163286760340385,0.49443047596502876
10464564,10448039,2019-11-05,2019-10-15,fl:ae_ln:dudar-1,fl:by_ln:jeon-110,0,0.7912199102091445,0.7866038013187048,0.7749718384936767,0.7429105859989386,0.7340011374646555,0.6517545311763526,0.05347577047241751,0.5345902727883584
10464564,10397580,2019-11-05,2019-08-27,fl:ae_ln:dudar-1,fl:by_ln:jeon-110,0,0.7867502042915127,0.7821827047494607,0.7761541702717883,0.7758567737568414,0.7660350750712843,0.6693261758634733,0.05559835640462965,0.5275215334231139
10464564,10469862,2019-11-05,2019-11-05,fl:ae_ln:dudar-1,fl:by_ln:jeon-110,0,0.8127168537704013,0.7799087561204152,0.7700574517204648,0.763414013912434,0.7455775073323992,0.6631513787076067,0.057505361508051044,0.5518026491990559
10464564,10402674,2019-11-05,2019-09-03,fl:ae_ln:dudar-1,fl:by_ln:jeon-110,0,0.8290914670308384,0.820431555370053,0.819713086651944,0.8115576743098881,0.8046511732073802,0.6775884457637251,0.05797918673784677,0.5365846967760564
10464564,11477598,2019-11-05,2022-10-18,fl:ae_ln:dudar-1,fl:ar_ln:lehtiniemi-2,0,0.7619480941370002,0.7323213322773715,0.7310273840199621,0.7079077398606831,0.7026834717979688,0.594825065741192,0.08400191250386042,0.41696713364425786
10464564,10448186,2019-11-05,2019-10-15,fl:ae_ln:dudar-1,fl:ar_ln:lehtiniemi-2,0,0.7817602626758072,0.7682200114716157,0.7381666540840133,0.7294373979111091,0.7170504823456858,0.6290590502352542,0.0565925012966438,0.490732518296355
10464564,10397722,2019-11-05,2019-08-27,fl:ae_ln:dudar-1,fl:ar_ln:lehtiniemi-2,0,0.8188138207217887,0.7709072858836156,0.7659886374481861,0.7603834938146731,0.7549923702492701,0.655430586356515,0.053115422735112654,0.5300372263449128
10464564,10466063,2019-11-05,2019-11-05,fl:ae_ln:dudar-1,fl:ar_ln:lehtiniemi-2,0,0.8031698444148688,0.7673256640688405,0.7372152179840427,0.7299116566533019,0.7287486373745393,0.6286327474231668,0.0649013618506807,0.48684639903429594
10464564,10402984,2019-11-05,2019-09-03,fl:ae_ln:dudar-1,fl:ar_ln:lehtiniemi-2,0,0.7243536397294337,0.7087887222453121,0.6970386819860838,0.6920812043286032,0.6902967033906933,0.6125651774923749,0.05943927646350954,0.471733173230075
10464564,11477558,2019-11-05,2022-10-18,fl:ae_ln:dudar-1,fl:be_ln:shaffer-3,0,0.7887414140746584,0.746639373416967,0.7442512504228219,0.7420185860503956,0.7364307053557986,0.5801808893570145,0.083550737501823,0.2311775018390099
10464564,D863356,2019-11-05,2019-10-15,fl:ae_ln:dudar-1,fl:be_ln:shaffer-3,0,0.6808246488262337,0.6344854149294903,0.6322942058229786,0.6131750787939919,0.6025003349609666,0.41230471692719917,0.13608381989751908,0.18318563807204802
10464564,D857546,2019-11-05,2019-08-27,fl:ae_ln:dudar-1,fl:be_ln:shaffer-3,0,0.8178870369708491,0.7867699428402772,0.7601143091349569,0.7578269975554494,0.750973359268755,0.6875973463496918,0.05363602997624357,0.5810120376184452
10464564,D865536,2019-11-05,2019-11-05,fl:ae_ln:dudar-1,fl:be_ln:shaffer-3,0,0.7995100455010612,0.77841441163896,0.7498402632950187,0.745263648787809,0.7369141562268483,0.6813405518911233,0.047810070854415784,0.5803856055136757
10464564,D858514,2019-11-05,2019-09-03,fl:ae_ln:dudar-1,fl:be_ln:shaffer-3,0,0.8292349693811847,0.8237272661137535,0.8162927512728386,0.8150769776726942,0.8114659301096919,0.7201553214819696,0.052814988424965806,0.5930556213587374
10401853,11477488,2019-09-03,2022-10-18,fl:ae_ln:dudar-1,fl:by_ln:jeon-110,0,0.7524981210497935,0.730132694775412,0.7250158791311181,0.7237532200589591,0.719213352524447,0.610057147171672,0.05946380194269287,0.4937565703039257
10401853,10448039,2019-09-03,2019-10-15,fl:ae_ln:dudar-1,fl:by_ln:jeon-110,0,0.7908466652229256,0.7864162193891653,0.7731166268257595,0.7447132285115237,0.7389210776173001,0.6437183820631242,0.06149731640652452,0.5215380885542753
10401853,10397580,2019-09-03,2019-08-27,fl:ae_ln:dudar-1,fl:by_ln:jeon-110,0,0.7858231708114674,0.7800746388432696,0.776542444858051,0.7759823177365511,0.7645371501347211,0.6598140388380628,0.06347623516540084,0.5140361189622155
10401853,10469862,2019-09-03,2019-11-05,fl:ae_ln:dudar-1,fl:by_ln:jeon-110,0,0.813801704905887,0.779479196799087,0.7679693311695133,0.7642093008105404,0.7515907670753589,0.6544597204274157,0.06577904178224837,0.5298845785474974
10401853,10402674,2019-09-03,2019-09-03,fl:ae_ln:dudar-1,fl:by_ln:jeon-110,0,0.8282734058590987,0.8205222539147539,0.8198037851966437,0.8119527103863872,0.8051210699045489,0.6680890718574155,0.06619176874189331,0.5253901140504416
10401853,11477598,2019-09-03,2022-10-18,fl:ae_ln:dudar-1,fl:ar_ln:lehtiniemi-2,0,0.7621816395256179,0.7320099230268323,0.730965185619865,0.7083121627306006,0.7080865834480727,0.5862758051669361,0.08826985269651466,0.39394147546079256
10401853,10448186,2019-09-03,2019-10-15,fl:ae_ln:dudar-1,fl:ar_ln:lehtiniemi-2,0,0.7821545338407595,0.7688060893447856,0.737540863286617,0.7290204108456617,0.7222783072516181,0.6196500703450603,0.0634229877781505,0.47558545589172674
10401853,10397722,2019-09-03,2019-08-27,fl:ae_ln:dudar-1,fl:ar_ln:lehtiniemi-2,0,0.8185419367114012,0.7708735441035333,0.7673965999563294,0.766170524295298,0.7550642242008113,0.6461990730082509,0.06090898040662902,0.518314034612465
10401853,10466063,2019-09-03,2019-11-05,fl:ae_ln:dudar-1,fl:ar_ln:lehtiniemi-2,0,0.8045122895448007,0.7682526462065286,0.739836270166497,0.7348662739671535,0.7343529376456007,0.6196389953047657,0.07070676837867633,0.4802023102231326
10401853,10402984,2019-09-03,2019-09-03,fl:ae_ln:dudar-1,fl:ar_ln:lehtiniemi-2,0,0.723391109035225,0.7094017728324848,0.6969878253291291,0.6918300297852982,0.6912095928329667,0.6061743733836584,0.0638470267329824,0.4756301000134633
10401853,11477558,2019-09-03,2022-10-18,fl:ae_ln:dudar-1,fl:be_ln:shaffer-3,0,0.7889755174707803,0.7468124298367336,0.7431705787609145,0.7420476944382106,0.73631151913509,0.5720221013164861,0.0863698561386466,0.23068542872117193
10401853,D863356,2019-09-03,2019-10-15,fl:ae_ln:dudar-1,fl:be_ln:shaffer-3,0,0.6814091320382483,0.6436102846331196,0.6350742728840731,0.6155811398892264,0.5774944561008893,0.4101375107666426,0.13478625319389478,0.18179052127789672
10401853,D857546,2019-09-03,2019-08-27,fl:ae_ln:dudar-1,fl:be_ln:shaffer-3,0,0.8172122306607619,0.7866936070370744,0.7651740325003074,0.7592978974500371,0.7507632758401143,0.6774080580836515,0.06282024211330951,0.5602792908953155
10401853,D865536,2019-09-03,2019-11-05,fl:ae_ln:dudar-1,fl:be_ln:shaffer-3,0,0.7940960047171463,0.7781211038037662,0.7506235375662769,0.7453877810313086,0.7365261260770912,0.671904640219456,0.05811784234000573,0.5642085797387856
10401853,D858514,2019-09-03,2019-09-03,fl:ae_ln:dudar-1,fl:be_ln:shaffer-3,0,0.828874702339276,0.8222546291428057,0.8153017498908726,0.8140504215201075,0.8110184691755044,0.7085306538993918,0.06326806583757628,0.5828838788317008
11477488,10448039,2022-10-18,2019-10-15,fl:by_ln:jeon-110,fl:by_ln:jeon-110,1,0.7955286134092118,0.7937818835833459,0.7893726402338739,0.7878345056713421,0.7859815021231166,0.674595421674687,0.05244099034961887,0.5346158501302757
11477488,10397580,2022-10-18,2019-08-27,fl:by_ln:jeon-110,fl:by_ln:jeon-110,1,0.7936033214885536,0.7855112997523701,0.7836368889358963,0.7805140172469391,0.7751055811602233,0.6958515907292652,0.051230771168579325,0.5423443722311742
11477488,10469862,2022-10-18,2019-11-05,fl:by_ln:jeon-110,fl:by_ln:jeon-110,1,0.8217200509844386,0.8088030340341645,0.8063570396228372,0.8023272794773956,0.7987026684967892,0.6907572654641232,0.059870310379821885,0.5490851757704435
11477488,10402674,2022-10-18,2019-09-03,fl:by_ln:jeon-110,fl:by_ln:jeon-110,1,0.8352260671839759,0.8345075984658665,0.8251638826164103,0.8161525479661563,0.8137092687688763,0.6969640051996613,0.05718587234623221,0.5478885953405566
11477488,11477598,2022-10-18,2022-10-18,fl:by_ln:jeon-110,fl:ar_ln:lehtiniemi-2,0,0.771780088314046,0.7596155890775691,0.7548861587454577,0.7539994802705299,0.7499818688654051,0.6228130298954354,0.0853912001865013,0.4295479012656617
11477488,10448186,2022-10-18,2019-10-15,fl:by_ln:jeon-110,fl:ar_ln:lehtiniemi-2,0,0.7995449613838221,0.7783337089154635,0.7605561009056914,0.756555764637518,0.7560015885167854,0.6512974804264143,0.0568911761436179,0.49774422499049575
11477488,10397722,2022-10-18,2019-08-27,fl:by_ln:jeon-110,fl:ar_ln:lehtiniemi-2,0,0.8292349511574791,0.8032964423405222,0.7976078146813963,0.7960086711832992,0.7954632368740553,0.6707141278553989,0.05096294575516531,0.5441139265787948
11477488,10466063,2022-10-18,2019-11-05,fl:by_ln:jeon-110,fl:ar_ln:lehtiniemi-2,0,0.7942422738273307,0.7737489933788183,0.768291872379802,0.7671187056104618,0.7616996469557962,0.6477006333953425,0.061709786811548796,0.5053348223046976
11477488,10402984,2022-10-18,2019-09-03,fl:by_ln:jeon-110,fl:ar_ln:lehtiniemi-2,0,0.7196551255630023,0.7146779544964704,0.7096137609586389,0.7093759640001684,0.7064991893884718,0.626239423660911,0.058733847026609186,0.4787305958769578
11477488,11477558,2022-10-18,2022-10-18,fl:by_ln:jeon-110,fl:be_ln:shaffer-3,0,0.7847600634275553,0.7657835115951862,0.7634568189270052,0.7572271225088141,0.7546114510317843,0.5994606613497316,0.08844422366312585,0.23586543285634426
11477488,D863356,2022-10-18,2019-10-15,fl:by_ln:jeon-110,fl:be_ln:shaffer-3,0,0.6695028339322672,0.6350070985282559,0.6349559386006366,0.6317108127075516,0.6279499642961208,0.3946534472156683,0.1391043460739835,0.17637185058808894
11477488,D857546,2022-10-18,2019-08-27,fl:by_ln:jeon-110,fl:be_ln:shaffer-3,0,0.8291199669573205,0.8096728272881505,0.8048543569085019,0.8040887695411882,0.8024777097165353,0.7178769063034913,0.05061932750008823,0.6008293633834787
11477488,D865536,2022-10-18,2019-11-05,fl:by_ln:jeon-110,fl:be_ln:shaffer-3,0,0.7923346780080769,0.7826186635974426,0.7707787517059498,0.7668611827920565,0.7649077029764522,0.6987231384969151,0.04193525256012025,0.5976354840637751
11477488,D858514,2022-10-18,2019-09-03,fl:by_ln:jeon-110,fl:be_ln:shaffer-3,0,0.837927515376198,0.8256093291626756,0.8252909728902722,0.8161785881695123,0.8132448957583929,0.7483720589024586,0.04491561208664418,0.6227992535761624
10448039,10397580,2019-10-15,2019-08-27,fl:by_ln:jeon-110,fl:by_ln:jeon-110,1,0.8370799565339673,0.835306580519283,0.8334642358983254,0.8276078050444269,0.8267587070810971,0.7251053772300706,0.051631702881464264,0.6024321778541329
10448039,10469862,2019-10-15,2019-11-05,fl:by_ln:jeon-110,fl:by_ln:jeon-110,1,0.8662762726656008,0.8624197497583033,0.8342633060554987,0.8292934899520444,0.8265046673366689,0.723899149500339,0.058785365483994975,0.6160626935307142
10448039,10402674,2019-10-15,2019-09-03,fl:by_ln:jeon-110,fl:by_ln:jeon-110,1,0.8762743245152869,0.8755558557971764,0.8717235679732078,0.8694466475215826,0.8687281788034718,0.7298992452794706,0.05808606590794328,0.6024513732850211
10448039,11477598,2019-10-15,2022-10-18,fl:by_ln:jeon-110,fl:ar_ln:lehtiniemi-2,0,0.812517737228215,0.8097945054016392,0.7969780120030432,0.7931001162263548,0.7714621294279106,0.646812760951481,0.08675407504633234,0.4889710559083883
10448039,10448186,2019-10-15,2019-10-15,fl:by_ln:jeon-110,fl:ar_ln:lehtiniemi-2,0,0.8251994090535062,0.8216726632206799,0.8089734725993025,0.8031435913488932,0.7784461234526657,0.6795546777280821,0.058629591779993245,0.5390941231294853
10448039,10397722,2019-10-15,2019-08-27,fl:by_ln:jeon-110,fl:ar_ln:lehtiniemi-2,0,0.8700752862353824,0.8637024336337619,0.8239828476768971,0.8207702885182991,0.8165875531803439,0.7045038488069514,0.05248554915942024,0.5871362494534852
10448039,10466063,2019-10-15,2019-11-05,fl:by_ln:jeon-110,fl:ar_ln:lehtiniemi-2,0,0.8461730255503302,0.8419792959789786,0.8087421076219379,0.804332926776895,0.8004912307239455,0.6793817351179429,0.06529450456075385,0.5426507647590556
10448039,10402984,2019-10-15,2019-09-03,fl:by_ln:jeon-110,fl:ar_ln:lehtiniemi-2,0,0.7819697002382601,0.7804903769097259,0.7730061133941607,0.7710921475278328,0.7347722732218647,0.6583976378831302,0.06082202041910342,0.5137295658288881
10448039,11477558,2019-10-15,2022-10-18,fl:by_ln:jeon-110,fl:be_ln:shaffer-3,0,0.8202541029293441,0.8128290230846719,0.7973193624950117,0.7972985534947149,0.7939998161227498,0.6252123946246201,0.08945592008994811,0.2380603177957265
10448039,D863356,2019-10-15,2019-10-15,fl:by_ln:jeon-110,fl:be_ln:shaffer-3,0,0.722977721460812,0.7134598734928655,0.6724921297637739,0.6606666304078307,0.6511800375764644,0.4376075952161444,0.1474271699119354,0.19680972688293485
10448039,D857546,2019-10-15,2019-08-27,fl:by_ln:jeon-110,fl:be_ln:shaffer-3,0,0.8748223579324677,0.8745815799067848,0.839691302285085,0.8393060853760946,0.8212498317935103,0.7449920662963765,0.05318061225797109,0.6517599441122196
10448039,D865536,2019-10-15,2019-11-05,fl:by_ln:jeon-110,fl:be_ln:shaffer-3,0,0.8507672963786643,0.8441420139353558,0.827546573314387,0.825395979326752,0.812431768152366,0.7354182301040662,0.045425056441711284,0.6424605843144946
10448039,D858514,2019-10-15,2019-09-03,fl:by_ln:jeon-110,fl:be_ln:shaffer-3,0,0.8886780225259842,0.8722582875223882,0.8696784763793254,0.8675921506726043,0.867531876614477,0.7772476337289892,0.050229558537057156,0.6694401799555977
10397580,10469862,2019-08-27,2019-11-05,fl:by_ln:jeon-110,fl:by_ln:jeon-110,1,0.8651783176665437,0.8598817687055579,0.8540217566845179,0.839630400996329,0.838432522280531,0.7429098851657602,0.058050773781379295,0.6056656191409892
10397580,10402674,2019-08-27,2019-09-03,fl:by_ln:jeon-110,fl:by_ln:jeon-110,1,0.8739979004812668,0.8732794317631568,0.8678311618975258,0.8670854811272795,0.8666474604807196,0.7553784515989102,0.056076225229403205,0.5969787181060082
10397580,11477598,2019-08-27,2022-10-18,fl:by_ln:jeon-110,fl:ar_ln:lehtiniemi-2,0,0.8174187132094196,0.8082588225190108,0.8003195512962817,0.7901179574794509,0.784708422181775,0.6687902729547726,0.0897665467754216,0.47748466680444457
10397580,10448186,2019-08-27,2019-10-15,fl:by_ln:jeon-110,fl:ar_ln:lehtiniemi-2,0,0.8212519414078598,0.8195640613717907,0.8185731211694004,0.8158687877557093,0.8084000901547094,0.7033342823732258,0.05716143499839605,0.552656650611951
10397580,10397722,2019-08-27,2019-08-27,fl:by_ln:jeon-110,fl:ar_ln:lehtiniemi-2,0,0.8666941111580436,0.863928473412114,0.8586905951574669,0.8492618417802139,0.8407150037657146,0.725228269288098,0.05316711882367977,0.6031762813220686
10397580,10466063,2019-08-27,2019-11-05,fl:by_ln:jeon-110,fl:ar_ln:lehtiniemi-2,0,0.8406983486578837,0.8353272206119828,0.8328850501916181,0.8194011169191365,0.8176898320330296,0.7006935080172101,0.06418970583680897,0.5565117918273575
10397580,10402984,2019-08-27,2019-09-03,fl:by_ln:jeon-110,fl:ar_ln:lehtiniemi-2,0,0.7859611661295962,0.7776267614275167,0.7695826114233569,0.7655178606043263,0.7584762500768955,0.6807191957606857,0.059874640465441824,0.5169054351499694
10397580,11477558,2019-08-27,2022-10-18,fl:by_ln:jeon-110,fl:be_ln:shaffer-3,0,0.826418275755225,0.8259662084343953,0.81875746454862,0.8051408480048353,0.8039176219216451,0.6458253623097788,0.09247752188865653,0.2496318298352626
10397580,D863356,2019-08-27,2019-10-15,fl:by_ln:jeon-110,fl:be_ln:shaffer-3,0,0.7102187450325335,0.698692207469436,0.6967431518295512,0.6904885239905009,0.6877079274344684,0.43766308230449164,0.14877851055103392,0.21553010505096062
10397580,D857546,2019-08-27,2019-08-27,fl:by_ln:jeon-110,fl:be_ln:shaffer-3,0,0.8790700824577122,0.875512180587423,0.8712591384852808,0.8551668030067835,0.8530236712000808,0.7713618599847891,0.053099785081204796,0.6462128072293516
10397580,D865536,2019-08-27,2019-11-05,fl:by_ln:jeon-110,fl:be_ln:shaffer-3,0,0.8403663271493798,0.8348392601421976,0.8289892221902416,0.8244631794428392,0.8200652921310382,0.7555197117717348,0.04445194306074604,0.6446678876932838
10397580,D858514,2019-08-27,2019-09-03,fl:by_ln:jeon-110,fl:be_ln:shaffer-3,0,0.8791364911449417,0.8760309735938995,0.8721676853937734,0.8711273600220995,0.8662758895744122,0.8056891541542078,0.04677016980712228,0.6529024749619932
10469862,10402674,2019-11-05,2019-09-03,fl:by_ln:jeon-110,fl:by_ln:jeon-110,1,0.906042562378693,0.9053240936605826,0.8950233324781347,0.883608435232686,0.8722647190277807,0.7488330093622436,0.062315394656234785,0.6007966347855254
10469862,11477598,2019-11-05,2022-10-18,fl:by_ln:jeon-110,fl:ar_ln:lehtiniemi-2,0,0.8409990923550115,0.8115035175791294,0.8011121182664962,0.7939447039433648,0.7881804178896298,0.6632490663441166,0.0907183604756756,0.4874533129071712
10469862,10448186,2019-11-05,2019-10-15,fl:by_ln:jeon-110,fl:ar_ln:lehtiniemi-2,0,0.8553581066433955,0.8398282289503826,0.8265299213362554,0.8128510638401383,0.8074189536343795,0.697715520232956,0.06463339831804993,0.5590947966241133
10469862,10397722,2019-11-05,2019-08-27,fl:by_ln:jeon-110,fl:ar_ln:lehtiniemi-2,0,0.90158251396672,0.8612194620454896,0.8505868109562068,0.8446685151653187,0.8286331488888988,0.7194184105850454,0.05889859369538838,0.6002679991958886
10469862,10466063,2019-11-05,2019-11-05,fl:by_ln:jeon-110,fl:ar_ln:lehtiniemi-2,0,0.8656750577059307,0.8284132598767238,0.8264764754316907,0.8198339056999475,0.8098191398052836,0.6948539397140969,0.06916596305124983,0.5590649517968882
10469862,10402984,2019-11-05,2019-09-03,fl:by_ln:jeon-110,fl:ar_ln:lehtiniemi-2,0,0.7939974776932243,0.7819660930261743,0.7614182530226526,0.7607965226391661,0.7541476002911741,0.6734086938839066,0.06425802450693271,0.5275506464302977
10469862,11477558,2019-11-05,2022-10-18,fl:by_ln:jeon-110,fl:be_ln:shaffer-3,0,0.8429808514601078,0.8246403435594323,0.8235806307197152,0.816025029201879,0.8109434280617321,0.6398933061962846,0.09510877234032855,0.23496180607061712
10469862,D863356,2019-11-05,2019-10-15,fl:by_ln:jeon-110,fl:be_ln:shaffer-3,0,0.7177792991732805,0.7128952935752437,0.6861532612015973,0.6819189264565412,0.6626323301134684,0.4420038547778188,0.14745371849362404,0.20381009510164927
10469862,D857546,2019-11-05,2019-08-27,fl:by_ln:jeon-110,fl:be_ln:shaffer-3,0,0.9023165499313318,0.8724217568608975,0.8615763138282163,0.8498418355405737,0.8427562250229402,0.7621178016223691,0.06197029932949506,0.6571544147980558
10469862,D865536,2019-11-05,2019-11-05,fl:by_ln:jeon-110,fl:be_ln:shaffer-3,0,0.8567577086878707,0.8462229669280434,0.8325164369537358,0.8242717094568563,0.8117944844077466,0.7486308666427902,0.049134483877816534,0.6625696623893405
10469862,D858514,2019-11-05,2019-09-03,fl:by_ln:jeon-110,fl:be_ln:shaffer-3,0,0.9046360398512592,0.8948988239865322,0.8898783449915301,0.8822580678795532,0.8789242256493569,0.7963138308121903,0.056722554466600045,0.6776269304896845
10402674,11477598,2019-09-03,2022-10-18,fl:by_ln:jeon-110,fl:ar_ln:lehtiniemi-2,0,0.8461805052727341,0.845462036554625,0.8410128312105526,0.8294437298526108,0.8229321105275429,0.6743938686146894,0.09106869366647119,0.46318077630608395
10402674,10448186,2019-09-03,2019-10-15,fl:by_ln:jeon-110,fl:ar_ln:lehtiniemi-2,0,0.8687149677968881,0.8680919491678559,0.8529405075891731,0.8468332160125019,0.8461147472943913,0.7119436586828836,0.060924615010581655,0.5508879392939806
10402674,10397722,2019-09-03,2019-08-27,fl:by_ln:jeon-110,fl:ar_ln:lehtiniemi-2,0,0.922874054230385,0.9222088574352937,0.8998738665935037,0.8928002308992964,0.8776192103083489,0.7379660718209894,0.056726043765248924,0.580899270886883
10402674,10466063,2019-09-03,2019-11-05,fl:by_ln:jeon-110,fl:ar_ln:lehtiniemi-2,0,0.8751526563017119,0.8744341875836001,0.8719162195721815,0.8597880504035728,0.8469370044415184,0.709251775862128,0.06997215983383283,0.5531396188589511
10402674,10402984,2019-09-03,2019-09-03,fl:by_ln:jeon-110,fl:ar_ln:lehtiniemi-2,0,0.8025220453468506,0.8021047685798323,0.8013862998617248,0.7995224941592567,0.7981269160573603,0.6885951709559331,0.06367798583975857,0.5321913176566464
10402674,11477558,2019-09-03,2022-10-18,fl:by_ln:jeon-110,fl:be_ln:shaffer-3,0,0.8604006074057136,0.8599452430258877,0.8532000139747662,0.8432746200154646,0.8426079871542769,0.6530570973544656,0.09475918645611651,0.2340050147453737
10402674,D863356,2019-09-03,2019-10-15,fl:by_ln:jeon-110,fl:be_ln:shaffer-3,0,0.735767975737518,0.7351826413967321,0.7288077720918625,0.7254808882460652,0.7139078689985295,0.4523913834606437,0.15237256300549448,0.21045548246085705
10402674,D857546,2019-09-03,2019-08-27,fl:by_ln:jeon-110,fl:be_ln:shaffer-3,0,0.9139522891150191,0.9132338203969109,0.9010484542268852,0.8933632506601606,0.8834227960576566,0.7753495925842775,0.057589422912686455,0.6581722503184649
10402674,D865536,2019-09-03,2019-11-05,fl:by_ln:jeon-110,fl:be_ln:shaffer-3,0,0.8692571299327546,0.8685386612146458,0.862910542511568,0.8604001049654998,0.8601862614951077,0.7644636780603337,0.04949542194920092,0.63910618034421
10402674,D858514,2019-09-03,2019-09-03,fl:by_ln:jeon-110,fl:be_ln:shaffer-3,0,0.9211651656158748,0.920446696897766,0.9081837177603885,0.9075460358744378,0.9068275671563297,0.814874195222268,0.05219647120041925,0.6790749454240923
11477598,10448186,2022-10-18,2019-10-15,fl:ar_ln:lehtiniemi-2,fl:ar_ln:lehtiniemi-2,1,0.8022768289896838,0.7866543027961017,0.7809406282915157,0.7620531964603774,0.7553022008342204,0.6294830057357409,0.08765122118317582,0.43066479940120084
11477598,10397722,2022-10-18,2019-08-27,fl:ar_ln:lehtiniemi-2,fl:ar_ln:lehtiniemi-2,1,0.8423849653574925,0.8177055818174676,0.8004383167161118,0.7820510694454053,0.7783786865663036,0.6488431032302858,0.0877674268273169,0.4701756130197839
11477598,10466063,2022-10-18,2019-11-05,fl:ar_ln:lehtiniemi-2,fl:ar_ln:lehtiniemi-2,1,0.8149774509575083,0.7829220656133815,0.7724524401233552,0.7711665078642042,0.7570381205439107,0.6252679984804358,0.09112358584054184,0.4390048443686384
11477598,10402984,2022-10-18,2019-09-03,fl:ar_ln:lehtiniemi-2,fl:ar_ln:lehtiniemi-2,1,0.7562018160104101,0.734114326048027,0.7258311895122949,0.7186672639476832,0.7103798198416725,0.607253679862596,0.0880630815906861,0.39430132050989636
11477598,11477558,2022-10-18,2022-10-18,fl:ar_ln:lehtiniemi-2,fl:be_ln:shaffer-3,0,0.7930502665300585,0.7779399627914422,0.769763772612396,0.7626401462943886,0.7623641542283931,0.5798667911559515,0.10665200397223754,0.18057325924831136
11477598,D863356,2022-10-18,2019-10-15,fl:ar_ln:lehtiniemi-2,fl:be_ln:shaffer-3,0,0.6738377486402797,0.6608385471507179,0.6437579466209168,0.6386590231924718,0.6293444478052308,0.38261096297601177,0.14249675596888475,0.14626769785522156
11477598,D857546,2022-10-18,2019-08-27,fl:ar_ln:lehtiniemi-2,fl:be_ln:shaffer-3,0,0.8502838667129029,0.8244477960140725,0.8213743336626431,0.8073286420228173,0.7966380070673751,0.6920790238728685,0.09422572149318244,0.5111572969746444
11477598,D865536,2022-10-18,2019-11-05,fl:ar_ln:lehtiniemi-2,fl:be_ln:shaffer-3,0,0.8117983936022362,0.7960151845514296,0.7912687405322885,0.7753532004597048,0.773013712544193,0.67561552888265,0.08518094393078911,0.5122679472012117
11477598,D858514,2022-10-18,2019-09-03,fl:ar_ln:lehtiniemi-2,fl:be_ln:shaffer-3,0,0.8510871303586421,0.8408874537248994,0.8374344833563004,0.8300629936192458,0.8247901282381612,0.7231596206779158,0.09189661278122242,0.5325774784425824
10448186,10397722,2019-10-15,2019-08-27,fl:ar_ln:lehtiniemi-2,fl:ar_ln:lehtiniemi-2,1,0.8638509370896578,0.8413239957052809,0.8170417110489149,0.8016421385114073,0.7986926446923589,0.6843093270412002,0.057984578330746724,0.529574540602676
10448186,10466063,2019-10-15,2019-11-05,fl:ar_ln:lehtiniemi-2,fl:ar_ln:lehtiniemi-2,1,0.8211201772418976,0.8146583958301102,0.7890817812536383,0.7791256199241381,0.7787006076721122,0.6594949566451943,0.06633381437388124,0.5134787867136522
10448186,10402984,2019-10-15,2019-09-03,fl:ar_ln:lehtiniemi-2,fl:ar_ln:lehtiniemi-2,1,0.757627137012142,0.7558818000688574,0.7506587381724069,0.7341119072157506,0.7281719087164876,0.6384315150628829,0.06251657526326929,0.4811387436030606
10448186,11477558,2019-10-15,2022-10-18,fl:ar_ln:lehtiniemi-2,fl:be_ln:shaffer-3,0,0.8098983712169512,0.8022717204901484,0.7968421735857819,0.784907738019079,0.7834655507047362,0.6098275170351364,0.09119512832874434,0.21673519011267625
10448186,D863356,2019-10-15,2019-10-15,fl:ar_ln:lehtiniemi-2,fl:be_ln:shaffer-3,0,0.6937195179340533,0.6856148566643793,0.6620562590208345,0.6565067965010232,0.652479077860446,0.41349967892023354,0.14099620324097556,0.1849843114571533
10448186,D857546,2019-10-15,2019-08-27,fl:ar_ln:lehtiniemi-2,fl:be_ln:shaffer-3,0,0.8607871203946987,0.8461395620929498,0.8308386177790195,0.822106936341242,0.8111064853691937,0.7244816564747426,0.057988342790886355,0.5945649308219304
10448186,D865536,2019-10-15,2019-11-05,fl:ar_ln:lehtiniemi-2,fl:be_ln:shaffer-3,0,0.8249720567740854,0.8101841960793261,0.8026804863908122,0.8013647312897704,0.7966838061948422,0.7104600933641405,0.04884822849667629,0.5946472935579171
10448186,D858514,2019-10-15,2019-09-03,fl:ar_ln:lehtiniemi-2,fl:be_ln:shaffer-3,0,0.868743837081618,0.8544884229451211,0.851813118855711,0.8516837817299272,0.842948420822754,0.758991570320233,0.0542345404851761,0.6107052782683987
10397722,10466063,2019-08-27,2019-11-05,fl:ar_ln:lehtiniemi-2,fl:ar_ln:lehtiniemi-2,1,0.8714677652782392,0.8439177553205879,0.8185781770470136,0.804529410480932,0.8035466492643383,0.6828956346487434,0.06530532387511334,0.5549312251381284
10397722,10402984,2019-08-27,2019-09-03,fl:ar_ln:lehtiniemi-2,fl:ar_ln:lehtiniemi-2,1,0.8029573884006228,0.7940125829216086,0.7665849276763848,0.7564073032380366,0.7539707633249144,0.6623705928016347,0.060089447619030616,0.5118359944517262
10397722,11477558,2019-08-27,2022-10-18,fl:ar_ln:lehtiniemi-2,fl:be_ln:shaffer-3,0,0.8562598960290471,0.840287433318469,0.8304310049987016,0.8244717672961938,0.8175220724379044,0.6302714593932418,0.09079012207509421,0.22198895084300005
10397722,D863356,2019-08-27,2019-10-15,fl:ar_ln:lehtiniemi-2,fl:be_ln:shaffer-3,0,0.7378287539209605,0.7150451621707434,0.6991630429184212,0.6936664962774739,0.6820333146685961,0.443783466679804,0.15047951417818542,0.19954127202507504
10397722,D857546,2019-08-27,2019-08-27,fl:ar_ln:lehtiniemi-2,fl:be_ln:shaffer-3,0,0.907961173088525,0.8761984924687115,0.8446229201998882,0.8310787926198839,0.8257488098856837,0.744103862437149,0.054062897953568535,0.6369196250697339
10397722,D865536,2019-08-27,2019-11-05,fl:ar_ln:lehtiniemi-2,fl:be_ln:shaffer-3,0,0.8655616749324119,0.858999842999043,0.8346775364005499,0.8192353118039983,0.8157758245154846,0.7387172647336551,0.04367543159493064,0.6416274787289917
10397722,D858514,2019-08-27,2019-09-03,fl:ar_ln:lehtiniemi-2,fl:be_ln:shaffer-3,0,0.915781761144096,0.9038724168491731,0.9008456075906811,0.8905186958326319,0.8867553832940831,0.7845813997477734,0.049302566890741736,0.6533828056217627
10466063,10402984,2019-11-05,2019-09-03,fl:ar_ln:lehtiniemi-2,fl:ar_ln:lehtiniemi-2,1,0.7887206471567358,0.7705680931901767,0.7539492848144879,0.7346734633444724,0.7330257745185114,0.6377257278874086,0.06951376325509553,0.47923788881934576
10466063,11477558,2019-11-05,2022-10-18,fl:ar_ln:lehtiniemi-2,fl:be_ln:shaffer-3,0,0.8329593678438222,0.8045985229843203,0.7999407648218172,0.7934388309139245,0.7898010342043008,0.6047123486027629,0.09421128451306664,0.19916046091530287
10466063,D863356,2019-11-05,2019-10-15,fl:ar_ln:lehtiniemi-2,fl:be_ln:shaffer-3,0,0.7196953902779009,0.6950722324498269,0.6695133582977936,0.6533468992551299,0.6434808591445722,0.4226794152689149,0.14475612059140408,0.19031991774434065
10466063,D857546,2019-11-05,2019-08-27,fl:ar_ln:lehtiniemi-2,fl:be_ln:shaffer-3,0,0.8824162246092826,0.8428763610718671,0.8355214734709211,0.8043178299204087,0.8036933693485848,0.718902953829773,0.06570394247847929,0.6012184751007056
10466063,D865536,2019-11-05,2019-11-05,fl:ar_ln:lehtiniemi-2,fl:be_ln:shaffer-3,0,0.8382934145217301,0.8228370367471578,0.8067687736165939,0.8015093996944733,0.7987502333550761,0.7101878164739986,0.0593062467342396,0.6046314740873245
10466063,D858514,2019-11-05,2019-09-03,fl:ar_ln:lehtiniemi-2,fl:be_ln:shaffer-3,0,0.8853931535497673,0.8721528549264326,0.8688245385055443,0.8616266651859886,0.8557622404883969,0.7544697421019656,0.06393770742631699,0.6202325896919861
10402984,11477558,2019-09-03,2022-10-18,fl:ar_ln:lehtiniemi-2,fl:be_ln:shaffer-3,0,0.767183523490646,0.752070453357942,0.7467884913837937,0.7420448084664107,0.729833852411306,0.5898194828980804,0.08883197268154686,0.22520565092296224
10402984,D863356,2019-09-03,2019-10-15,fl:ar_ln:lehtiniemi-2,fl:be_ln:shaffer-3,0,0.6674893363969596,0.6557789029009486,0.6271053195421546,0.6160168591756103,0.6113996489918468,0.411654511625823,0.13551714797754022,0.19829416422929547
10402984,D857546,2019-09-03,2019-08-27,fl:ar_ln:lehtiniemi-2,fl:be_ln:shaffer-3,0,0.816496651394213,0.8009279488691572,0.7858982198545603,0.7699353228175224,0.7648981008949735,0.7014508156124588,0.06342468712207923,0.554946026574054
10402984,D865536,2019-09-03,2019-11-05,fl:ar_ln:lehtiniemi-2,fl:be_ln:shaffer-3,0,0.787890914947406,0.770315014371031,0.7699982840118414,0.7542730491360354,0.7502320916049906,0.6909157212530905,0.05704959987960835,0.5634681136387455
10402984,D858514,2019-09-03,2019-09-03,fl:ar_ln:lehtiniemi-2,fl:be_ln:shaffer-3,0,0.8113423595097887,0.8101429674219826,0.8033583486258262,0.7999830923298659,0.7972525506436162,0.7318908460603561,0.05988959680673746,0.584279925466924
11477558,D863356,2022-10-18,2019-10-15,fl:be_ln:shaffer-3,fl:be_ln:shaffer-3,1,0.7187269049678772,0.6861256259413332,0.681047870931988,0.6702042264993094,0.6687403212610141,0.3823499848255456,0.13743505494847028,0.10909535641806388
11477558,D857546,2022-10-18,2019-08-27,fl:be_ln:shaffer-3,fl:be_ln:shaffer-3,1,0.8595445809584671,0.8350572264801772,0.8287362691167525,0.8240597401990349,0.8213103653954975,0.667635064746638,0.09359934082105852,0.2758237457900729
11477558,D865536,2022-10-18,2019-11-05,fl:be_ln:shaffer-3,fl:be_ln:shaffer-3,1,0.8261875659458101,0.8184663298159032,0.7973927867696785,0.7965734889881616,0.7910067075647723,0.6543871886747752,0.08939459451584657,0.24975156943150256
11477558,D858514,2022-10-18,2019-09-03,fl:be_ln:shaffer-3,fl:be_ln:shaffer-3,1,0.8715219100450402,0.8548751697607816,0.8526252972194129,0.8502491894959906,0.8483044000458418,0.6978980090056357,0.09596800663811286,0.2930541384964378
D863356,D857546,2019-10-15,2019-08-27,fl:be_ln:shaffer-3,fl:be_ln:shaffer-3,1,0.7301927998985599,0.6902724492404007,0.6481259402462227,0.6480436847271163,0.6416259660466364,0.43140235957147555,0.14995546265219253,0.21451145938357433
D863356,D865536,2019-10-15,2019-11-05,fl:be_ln:shaffer-3,fl:be_ln:shaffer-3,1,0.7328760385824868,0.7092864540237983,0.7041545477426883,0.6985412032866347,0.6792319288480707,0.45915993696328344,0.1558738751175003,0.21218563983409236
D863356,D858514,2019-10-15,2019-09-03,fl:be_ln:shaffer-3,fl:be_ln:shaffer-3,1,0.755825884032563,0.7409458701944133,0.7370754487240497,0.7356261855706605,0.7304229368450116,0.46895844536370246,0.16338497497728385,0.2276726295963774
D857546,D865536,2019-08-27,2019-11-05,fl:be_ln:shaffer-3,fl:be_ln:shaffer-3,1,0.8734508271454693,0.8555511325945812,0.8413613563320834,0.8336424467217879,0.8259039087578356,0.7732012334254197,0.04545541933634526,0.70716114459219
D857546,D858514,2019-08-27,2019-09-03,fl:be_ln:shaffer-3,fl:be_ln:shaffer-3,1,0.9150590653892181,0.9085742663078841,0.9019245273816201,0.8949320950305873,0.886898110711932,0.8321874603408016,0.04336087177447161,0.7360534175872943
D865536,D858514,2019-11-05,2019-09-03,fl:be_ln:shaffer-3,fl:be_ln:shaffer-3,1,0.88216706915988,0.8679273442394785,0.8667797777145556,0.8661686717190333,0.8624264693107742,0.8142418053834265,0.03852203735228747,0.7149869679917131
