patent_1_id,patent_2_id,patent_1_date,patent_2_date,patent_1_inventor,patent_2_inventor,is_same
10470112,10470170,2019-11-05,2019-11-05,fl:al_ln:damnjanovic-1,fl:al_ln:damnjanovic-1,1
10470112,10405147,2019-11-05,2019-09-03,fl:al_ln:damnjanovic-1,fl:ri_ln:sillman-1,0
11471530,11471531,2022-10-18,2022-10-18,fl:ja_ln:clube-1,fl:ja_ln:clube-1,1
11471530,11476326,2022-10-18,2022-10-18,fl:ja_ln:clube-1,fl:we_ln:ni-14,0
10397755,10448276,2019-08-27,2019-10-15,fl:la_ln:kim-13,fl:la_ln:kim-13,1
10397755,11472222,2019-08-27,2022-10-18,fl:la_ln:kim-13,fl:ts_ln:nishida-4,0
11471151,10463366,2022-10-18,2019-11-05,fl:ch_ln:scheib-1,fl:ch_ln:scheib-1,1
11471151,11476927,2022-10-18,2022-10-18,fl:ch_ln:scheib-1,fl:mi_ln:kane-6,0
10441257,10441256,2019-10-15,2019-10-15,fl:ra_ln:paul-8,fl:ra_ln:paul-8,1
10441257,10391853,2019-10-15,2019-08-27,fl:ra_ln:paul-8,fl:sh_ln:takemoto-19,0
10469901,11477501,2019-11-05,2022-10-18,fl:ve_ln:srinivasan-20,fl:ve_ln:srinivasan-20,1
10469901,10397968,2019-11-05,2019-08-27,fl:ve_ln:srinivasan-20,fl:la_ln:law-5,0
10405285,11477731,2019-09-03,2022-10-18,fl:jo_ln:ahn-99,fl:jo_ln:ahn-99,1
10405285,10467603,2019-09-03,2019-11-05,fl:jo_ln:ahn-99,fl:ge_ln:liu-21,0
11476221,10405433,2022-10-18,2019-09-03,fl:ju_ln:costa-2,fl:ju_ln:costa-2,1
11476221,10446671,2022-10-18,2019-10-15,fl:ju_ln:costa-2,fl:sa_ln:okamoto-8,0
10398951,10391370,2019-09-03,2019-08-27,fl:jo_ln:hebreo-2,fl:jo_ln:hebreo-2,1
10398951,11475005,2019-09-03,2022-10-18,fl:jo_ln:hebreo-2,fl:mi_ln:haubenschild-1,0
10396277,10403473,2019-08-27,2019-09-03,fl:jo_ln:park-601,fl:jo_ln:park-601,1
10396277,10391169,2019-08-27,2019-08-27,fl:jo_ln:park-601,fl:ra_ln:schatzman-2,0
11474965,10402340,2022-10-18,2019-09-03,fl:pe_ln:lea-1,fl:pe_ln:lea-1,1
11474965,10397679,2022-10-18,2019-08-27,fl:pe_ln:lea-1,fl:ma_ln:norris-12,0
11476361,11476352,2022-10-18,2022-10-18,fl:zi_ln:fang-14,fl:zi_ln:fang-14,1
11476361,10470313,2022-10-18,2019-11-05,fl:zi_ln:fang-14,fl:ra_ln:henry-1,0
10401805,10401806,2019-09-03,2019-09-03,fl:co_ln:billings-1,fl:co_ln:billings-1,1
10401805,10467117,2019-09-03,2019-11-05,fl:co_ln:billings-1,fl:ma_ln:wilding-5,0
10395582,10395966,2019-08-27,2019-08-27,fl:ro_ln:cok-1,fl:ro_ln:cok-1,1
10395582,10403017,2019-08-27,2019-09-03,fl:ro_ln:cok-1,fl:zh_ln:du-80,0
10469149,10469151,2019-11-05,2019-11-05,fl:ki_ln:kim-277,fl:ki_ln:kim-277,1
10469149,10442330,2019-11-05,2019-10-15,fl:ki_ln:kim-277,fl:c._ln:parker-1,0
10396188,11477678,2019-08-27,2022-10-18,fl:xi_ln:li-414,fl:xi_ln:li-414,1
10396188,10394918,2019-08-27,2019-08-27,fl:xi_ln:li-414,fl:ry_ln:kurosawa-1,0
10395983,10468308,2019-08-27,2019-11-05,fl:ch_ln:lin-693,fl:ch_ln:lin-693,1
10395983,11472564,2019-08-27,2022-10-18,fl:ch_ln:lin-693,fl:kr_ln:shaner-1,0
10396962,10404423,2019-08-27,2019-09-03,fl:ha_ln:xu-47,fl:ha_ln:xu-47,1
10396962,10448160,2019-08-27,2019-10-15,fl:ha_ln:xu-47,fl:si_ln:park-53,0
11476982,10397796,2022-10-18,2019-08-27,fl:xi_ln:zhang-112,fl:xi_ln:zhang-112,1
11476982,11474097,2022-10-18,2022-10-18,fl:xi_ln:zhang-112,fl:so_ln:an-17,0
10401341,10466132,2019-09-03,2019-11-05,fl:ch_ln:rella-2,fl:ch_ln:rella-2,1
10401341,11472603,2019-09-03,2022-10-18,fl:ch_ln:rella-2,fl:hr_ln:atanasoff-1,0
11477699,10470174,2022-10-18,2019-11-05,fl:al_ln:asterjadhi-1,fl:al_ln:asterjadhi-1,1
11477699,10395952,2022-10-18,2019-08-27,fl:al_ln:asterjadhi-1,fl:ko_ln:hashimoto-25,0
10397235,10447769,2019-08-27,2019-10-15,fl:mi_ln:waid-1,fl:mi_ln:waid-1,1
10397235,11471118,2019-08-27,2022-10-18,fl:mi_ln:waid-1,fl:co_ln:williams-3,0
10397560,10394028,2019-08-27,2019-08-27,fl:ta_ln:takeda-35,fl:ta_ln:takeda-35,1
10397560,10446124,2019-08-27,2019-10-15,fl:ta_ln:takeda-35,fl:ad_ln:jacobson-1,0
11477807,10397024,2022-10-18,2019-08-27,fl:ro_ln:stacey-5,fl:ro_ln:stacey-5,1
11477807,10393688,2022-10-18,2019-08-27,fl:ro_ln:stacey-5,fl:ju_ln:kato-15,0
11472022,11472633,2022-10-18,2022-10-18,fl:ge_ln:price-1,fl:ge_ln:price-1,1
11472022,10401207,2022-10-18,2019-09-03,fl:ge_ln:price-1,fl:ca_ln:gonzaga-1,0
11476902,10469142,2022-10-18,2019-11-05,fl:se_ln:faxer-1,fl:se_ln:faxer-1,1
11476902,10447797,2022-10-18,2019-10-15,fl:se_ln:faxer-1,fl:br_ln:dingwall-1,0
10441465,11471328,2019-10-15,2022-10-18,fl:ph_ln:gooding-2,fl:ph_ln:gooding-2,1
10441465,11476101,2019-10-15,2022-10-18,fl:ph_ln:gooding-2,fl:ji_ln:lin-57,0
10442274,10403870,2019-10-15,2019-09-03,fl:ma_ln:yamada-65,fl:ma_ln:yamada-65,1
10442274,10393947,2019-10-15,2019-08-27,fl:ma_ln:yamada-65,fl:ha_ln:yun-18,0
10470138,10470128,2019-11-05,2019-11-05,fl:yo_ln:kwon-78,fl:yo_ln:kwon-78,1
10470138,10446406,2019-11-05,2019-10-15,fl:yo_ln:kwon-78,fl:ch_ln:chen-951,0
10444474,10393998,2019-10-15,2019-08-27,fl:ye_ln:chang-16,fl:ye_ln:chang-16,1
10444474,10396700,2019-10-15,2019-08-27,fl:ye_ln:chang-16,fl:ge_ln:hu-9,0
10444817,10403003,2019-10-15,2019-09-03,fl:al_ln:koker-1,fl:al_ln:koker-1,1
10444817,10467889,2019-10-15,2019-11-05,fl:al_ln:koker-1,fl:vl_ln:litovtchenko-1,0
11475298,10445568,2022-10-18,2019-10-15,fl:ba_ln:sun-16,fl:ba_ln:sun-16,1
11475298,10398613,2022-10-18,2019-09-03,fl:ba_ln:sun-16,fl:ma_ln:harburg-1,0
10446214,10403336,2019-10-15,2019-09-03,fl:fe_ln:bedeschi-1,fl:fe_ln:bedeschi-1,1
10446214,10467518,2019-10-15,2019-11-05,fl:fe_ln:bedeschi-1,fl:an_ln:schweinfurth-1,0
10468407,10466366,2019-11-05,2019-11-05,fl:ch_ln:chang-499,fl:ch_ln:chang-499,1
10468407,10401961,2019-11-05,2019-09-03,fl:ch_ln:chang-499,fl:da_ln:grant-6,0
10397755,11475652,2019-08-27,2022-10-18,fl:ja_ln:kim-604,fl:ja_ln:kim-604,1
10397755,10465162,2019-08-27,2019-11-05,fl:ja_ln:kim-604,fl:em_ln:baetge-1,0
10398942,10463918,2019-09-03,2019-11-05,fl:ni_ln:nardacci-1,fl:ni_ln:nardacci-1,1
10398942,10441400,2019-09-03,2019-10-15,fl:ni_ln:nardacci-1,fl:am_ln:heys-1,0
10396512,10444444,2019-08-27,2019-10-15,fl:je_ln:gniadek-2,fl:je_ln:gniadek-2,1
10396512,10464738,2019-08-27,2019-11-05,fl:je_ln:gniadek-2,fl:an_ln:bray-7,0
10397969,10444857,2019-08-27,2019-10-15,fl:ra_ln:xu-6,fl:ra_ln:xu-6,1
10397969,10466978,2019-08-27,2019-11-05,fl:ra_ln:xu-6,fl:la_ln:fiedler-3,0
10448340,11477703,2019-10-15,2022-10-18,fl:yi_ln:li-324,fl:yi_ln:li-324,1
10448340,10464981,2019-10-15,2019-11-05,fl:yi_ln:li-324,fl:pe_ln:bruenker-1,0
10396200,11476418,2019-08-27,2022-10-18,fl:in_ln:ok-1,fl:in_ln:ok-1,1
10396200,10469811,2019-08-27,2019-11-05,fl:in_ln:ok-1,fl:ra_ln:reddy-46,0
10446212,10403381,2019-10-15,2019-09-03,fl:no_ln:umetsu-2,fl:no_ln:umetsu-2,1
10446212,10394648,2019-10-15,2019-08-27,fl:no_ln:umetsu-2,fl:hy_ln:kim-575,0
10391228,10463778,2019-08-27,2019-11-05,fl:ro_ln:childers-2,fl:ro_ln:childers-2,1
10391228,11476158,2019-08-27,2022-10-18,fl:ro_ln:childers-2,fl:ru_ln:lieten-1,0
10397754,10397796,2019-08-27,2019-08-27,fl:ta_ln:yoo-59,fl:ta_ln:yoo-59,1
10397754,10397436,2019-08-27,2019-08-27,fl:ta_ln:yoo-59,fl:sa_ln:miyazaki-9,0
10397605,11477482,2019-08-27,2022-10-18,fl:to_ln:sugio-1,fl:to_ln:sugio-1,1
10397605,10397224,2019-08-27,2019-08-27,fl:to_ln:sugio-1,fl:lu_ln:mcgregor-1,0
10448018,11477442,2019-10-15,2022-10-18,fl:su_ln:lim-88,fl:su_ln:lim-88,1
10448018,10403431,2019-10-15,2019-09-03,fl:su_ln:lim-88,fl:sh_ln:banba-4,0
10466812,10403020,2019-11-05,2019-09-03,fl:to_ln:grossman-4,fl:to_ln:grossman-4,1
10466812,11474812,2019-11-05,2022-10-18,fl:to_ln:grossman-4,fl:ma_ln:anderson-92,0
10447366,11476998,2019-10-15,2022-10-18,fl:ra_ln:berliner-1,fl:ra_ln:berliner-1,1
10447366,10469783,2019-10-15,2019-11-05,fl:ra_ln:berliner-1,fl:ta_ln:abe-39,0
10444817,10467796,2019-10-15,2019-11-05,fl:jo_ln:ray-19,fl:jo_ln:ray-19,1
10444817,10405382,2019-10-15,2019-09-03,fl:jo_ln:ray-19,fl:hy_ln:eum-4,0
10403193,10446635,2019-09-03,2019-10-15,fl:su_ln:kwon-38,fl:su_ln:kwon-38,1
10403193,10444993,2019-09-03,2019-10-15,fl:su_ln:kwon-38,fl:ho_ln:gao-33,0
10404513,10448333,2019-09-03,2019-10-15,fl:ha_ln:cho-144,fl:ha_ln:cho-144,1
10404513,10393012,2019-09-03,2019-08-27,fl:ha_ln:cho-144,fl:yo_ln:kamo-6,0
11477454,11477456,2022-10-18,2022-10-18,fl:se_ln:kim-778,fl:se_ln:kim-778,1
11477454,10467509,2022-10-18,2019-11-05,fl:se_ln:kim-778,fl:zo_ln:liu-18,0
10470187,10468766,2019-11-05,2019-11-05,fl:pa_ln:henry-8,fl:pa_ln:henry-8,1
10470187,10467410,2019-11-05,2019-11-05,fl:pa_ln:henry-8,fl:sa_ln:lee-530,0
10396383,10390638,2019-08-27,2019-08-27,fl:ji_ln:kim-296,fl:ji_ln:kim-296,1
10396383,10444871,2019-08-27,2019-10-15,fl:ji_ln:kim-296,fl:ha_ln:wang-335,0
10445234,10445098,2019-10-15,2019-10-15,fl:ke_ln:fleming-6,fl:ke_ln:fleming-6,1
10445234,11475991,2019-10-15,2022-10-18,fl:ke_ln:fleming-6,fl:ja_ln:nord-3,0
10404434,11477766,2019-09-03,2022-10-18,fl:ch_ln:patel-27,fl:ch_ln:patel-27,1
10404434,11476338,2019-09-03,2022-10-18,fl:ch_ln:patel-27,fl:gi_ln:dewey-2,0
11476927,10391325,2022-10-18,2019-08-27,fl:br_ln:koop-1,fl:br_ln:koop-1,1
11476927,10468019,2022-10-18,2019-11-05,fl:br_ln:koop-1,fl:ka_ln:azartash-1,0
11476264,10468503,2022-10-18,2019-11-05,fl:al_ln:reznicek-1,fl:al_ln:reznicek-1,1
11476264,10468361,2022-10-18,2019-11-05,fl:al_ln:reznicek-1,fl:hs_ln:lee-66,0
10396943,10396962,2019-08-27,2019-08-27,fl:ha_ln:xu-47,fl:ha_ln:xu-47,1
10396943,10442780,2019-08-27,2019-10-15,fl:ha_ln:xu-47,fl:th_ln:boussie-1,0
11477816,10470162,2022-10-18,2019-11-05,fl:ha_ln:seo-47,fl:ha_ln:seo-47,1
11477816,11476522,2022-10-18,2022-10-18,fl:ha_ln:seo-47,fl:hy_ln:lee-800,0
11477437,10404988,2022-10-18,2019-09-03,fl:yu_ln:he-128,fl:yu_ln:he-128,1
11477437,10403192,2022-10-18,2019-09-03,fl:yu_ln:he-128,fl:ch_ln:tann-1,0
10390770,10469830,2019-08-27,2019-11-05,fl:ed_ln:jung-2,fl:ed_ln:jung-2,1
10390770,10396819,2019-08-27,2019-08-27,fl:ed_ln:jung-2,fl:be_ln:mouhouce-1,0
10463366,10463384,2019-11-05,2019-11-05,fl:fr_ln:shelton-5,fl:fr_ln:shelton-5,1
10463366,10447344,2019-11-05,2019-10-15,fl:fr_ln:shelton-5,fl:er_ln:bolton-1,0
10394374,10468464,2019-08-27,2019-11-05,fl:ka_ln:yang-89,fl:ka_ln:yang-89,1
10394374,10444890,2019-08-27,2019-10-15,fl:ka_ln:yang-89,fl:jo_ln:kim-610,0
10448380,10447447,2019-10-15,2019-10-15,fl:ji_ln:jiang-81,fl:ji_ln:jiang-81,1
10448380,11475846,2019-10-15,2022-10-18,fl:ji_ln:jiang-81,fl:ju_ln:lee-793,0
11477116,11477041,2022-10-18,2022-10-18,fl:pr_ln:dutta-7,fl:pr_ln:dutta-7,1
11477116,10394869,2022-10-18,2019-08-27,fl:pr_ln:dutta-7,fl:st_ln:perun-1,0
10396179,10396214,2019-08-27,2019-08-27,fl:ka_ln:cheng-38,fl:ka_ln:cheng-38,1
10396179,11476413,2019-08-27,2022-10-18,fl:ka_ln:cheng-38,fl:ma_ln:saito-37,0
11474894,10404728,2022-10-18,2019-09-03,fl:je_ln:vasseur-3,fl:je_ln:vasseur-3,1
11474894,10397412,2022-10-18,2019-08-27,fl:je_ln:vasseur-3,fl:da_ln:ikari-1,0
10404360,10469159,2019-09-03,2019-11-05,fl:ka_ln:bhattad-1,fl:ka_ln:bhattad-1,1
10404360,10469298,2019-09-03,2019-11-05,fl:ka_ln:bhattad-1,fl:he_ln:lee-271,0
11474745,11474787,2022-10-18,2022-10-18,fl:ch_ln:song-258,fl:ch_ln:song-258,1
11474745,10466253,2022-10-18,2019-11-05,fl:ch_ln:song-258,fl:ma_ln:hellerstein-1,0
10447496,10469379,2019-10-15,2019-11-05,fl:ij_ln:wijnands-1,fl:ij_ln:wijnands-1,1
10447496,11477743,2019-10-15,2022-10-18,fl:ij_ln:wijnands-1,fl:mu_ln:islam-1,0
10448074,10448108,2019-10-15,2019-10-15,fl:jo_ln:sullivan-67,fl:jo_ln:sullivan-67,1
10448074,11472257,2019-10-15,2022-10-18,fl:jo_ln:sullivan-67,fl:ya_ln:sekito-1,0
10402085,10444989,2019-09-03,2019-10-15,fl:ik_ln:yamano-1,fl:ik_ln:yamano-1,1
10402085,10402141,2019-09-03,2019-09-03,fl:ik_ln:yamano-1,fl:gy_ln:kim-176,0
10470112,11477826,2019-11-05,2022-10-18,fl:ga_ln:horn-4,fl:ga_ln:horn-4,1
10470112,10396904,2019-11-05,2019-08-27,fl:ga_ln:horn-4,fl:hu_ln:yu-63,0
10469298,11477613,2019-11-05,2022-10-18,fl:al_ln:manolakos-1,fl:al_ln:manolakos-1,1
10469298,10399019,2019-11-05,2019-09-03,fl:al_ln:manolakos-1,fl:xu_ln:cai-21,0
10396238,10395966,2019-08-27,2019-08-27,fl:ch_ln:bower-7,fl:ch_ln:bower-7,1
10396238,10403653,2019-08-27,2019-09-03,fl:ch_ln:bower-7,fl:te_ln:fujita-3,0
11471156,11471155,2022-10-18,2022-10-18,fl:gr_ln:bakos-1,fl:gr_ln:bakos-1,1
11471156,10402578,2022-10-18,2019-09-03,fl:gr_ln:bakos-1,fl:gr_ln:roth-4,0
10464991,10400011,2019-11-05,2019-09-03,fl:an_ln:mahr-1,fl:an_ln:mahr-1,1
10464991,11475831,2019-11-05,2022-10-18,fl:an_ln:mahr-1,fl:xi_ln:chen-393,0
10404321,10405199,2019-09-03,2019-09-03,fl:do_ln:barnickel-1,fl:do_ln:barnickel-1,1
10404321,10447334,2019-09-03,2019-10-15,fl:do_ln:barnickel-1,fl:ar_ln:sharma-7,0
10396981,10394674,2019-08-27,2019-08-27,fl:li_ln:li-131,fl:li_ln:li-131,1
10396981,10446668,2019-08-27,2019-10-15,fl:li_ln:li-131,fl:sh_ln:yamazaki-67,0
10463150,10390617,2019-11-05,2019-08-27,fl:sh_ln:yang-112,fl:sh_ln:yang-112,1
10463150,10444504,2019-11-05,2019-10-15,fl:sh_ln:yang-112,fl:ni_ln:samec-1,0
10397954,11477731,2019-08-27,2022-10-18,fl:se_ln:kim-944,fl:se_ln:kim-944,1
10397954,11477915,2019-08-27,2022-10-18,fl:se_ln:kim-944,fl:tz_ln:hsu-26,0
11473730,10401592,2022-10-18,2019-09-03,fl:hy_ln:shin-67,fl:hy_ln:shin-67,1
11473730,10441186,2022-10-18,2019-10-15,fl:hy_ln:shin-67,fl:mi_ln:lalli-1,0
10391281,10391279,2019-08-27,2019-08-27,fl:tu_ln:le-3,fl:tu_ln:le-3,1
10391281,10467680,2019-08-27,2019-11-05,fl:tu_ln:le-3,fl:gr_ln:drogaline-1,0
10404727,10404728,2019-09-03,2019-09-03,fl:pi_ln:savalle-1,fl:pi_ln:savalle-1,1
10404727,10404124,2019-09-03,2019-09-03,fl:pi_ln:savalle-1,fl:hi_ln:ikeda-42,0
11474646,10403697,2022-10-18,2019-09-03,fl:sh_ln:yamazaki-67,fl:sh_ln:yamazaki-67,1
11474646,10395224,2022-10-18,2019-08-27,fl:sh_ln:yamazaki-67,fl:ha_ln:kim-109,0
10463218,10398267,2019-11-05,2019-09-03,fl:mi_ln:zhong-24,fl:mi_ln:zhong-24,1
10463218,10391049,2019-11-05,2019-08-27,fl:mi_ln:zhong-24,fl:mi_ln:hines-10,0
10395600,10467964,2019-08-27,2019-11-05,fl:ch_ln:lin-1075,fl:ch_ln:lin-1075,1
10395600,11477206,2019-08-27,2022-10-18,fl:ch_ln:lin-1075,fl:yo_ln:ryu-18,0
10391542,10392046,2019-08-27,2019-08-27,fl:no_ln:hagiwara-10,fl:no_ln:hagiwara-10,1
10391542,10395577,2019-08-27,2019-08-27,fl:no_ln:hagiwara-10,fl:se_ln:park-323,0
10469156,10396954,2019-11-05,2019-08-27,fl:do_ln:barnickel-1,fl:do_ln:barnickel-1,1
10469156,10397605,2019-11-05,2019-08-27,fl:do_ln:barnickel-1,fl:su_ln:naing-1,0
10467860,10467859,2019-11-05,2019-11-05,fl:br_ln:berman-6,fl:br_ln:berman-6,1
10467860,11475481,2019-11-05,2022-10-18,fl:br_ln:berman-6,fl:ba_ln:bryant-1,0
10405135,10469990,2019-09-03,2019-11-05,fl:wa_ln:patterson-8,fl:wa_ln:patterson-8,1
10405135,10391775,2019-09-03,2019-08-27,fl:wa_ln:patterson-8,fl:ra_ln:stathem-1,0
10396941,10448235,2019-08-27,2019-10-15,fl:al_ln:khoryaev-1,fl:al_ln:khoryaev-1,1
10396941,10466143,2019-08-27,2019-11-05,fl:al_ln:khoryaev-1,fl:er_ln:vonbueren-1,0
10447444,10404343,2019-10-15,2019-09-03,fl:mu_ln:islam-1,fl:mu_ln:islam-1,1
10447444,10390978,2019-10-15,2019-08-27,fl:mu_ln:islam-1,fl:th_ln:bales-2,0
10444661,11474476,2019-10-15,2022-10-18,fl:ja_ln:leemhuis-1,fl:ja_ln:leemhuis-1,1
10444661,11476572,2019-10-15,2022-10-18,fl:ja_ln:leemhuis-1,fl:yu_ln:chang-60,0
10403876,11476548,2019-09-03,2022-10-18,fl:ju_ln:seong-14,fl:ju_ln:seong-14,1
10403876,10448331,2019-09-03,2019-10-15,fl:ju_ln:seong-14,fl:we_ln:lin-209,0
10466195,10399486,2019-11-05,2019-09-03,fl:pa_ln:dellock-1,fl:pa_ln:dellock-1,1
10466195,10404075,2019-11-05,2019-09-03,fl:pa_ln:dellock-1,fl:jo_ln:walley-2,0
10396200,10396126,2019-08-27,2019-08-27,fl:in_ln:ok-1,fl:in_ln:ok-1,1
10396200,11471620,2019-08-27,2022-10-18,fl:in_ln:ok-1,fl:al_ln:prot-1,0
10463489,11471281,2019-11-05,2022-10-18,fl:cr_ln:ekvall-1,fl:cr_ln:ekvall-1,1
10463489,10463495,2019-11-05,2019-11-05,fl:cr_ln:ekvall-1,fl:ro_ln:lederman-2,0
10398267,10463214,2019-09-03,2019-11-05,fl:yo_ln:wang-218,fl:yo_ln:wang-218,1
10398267,10392642,2019-09-03,2019-08-27,fl:yo_ln:wang-218,fl:re_ln:visser-2,0
10446137,10395655,2019-10-15,2019-08-27,fl:ru_ln:sarikaya-1,fl:ru_ln:sarikaya-1,1
10446137,10445960,2019-10-15,2019-10-15,fl:ru_ln:sarikaya-1,fl:qi_ln:hu-97,0
10397580,10448046,2019-08-27,2019-10-15,fl:ja_ln:lim-153,fl:ja_ln:lim-153,1
10397580,10467094,2019-08-27,2019-11-05,fl:ja_ln:lim-153,fl:sa_ln:kim-301,0
10395476,10403087,2019-08-27,2019-09-03,fl:er_ln:meyerhofer-1,fl:er_ln:meyerhofer-1,1
10395476,10466659,2019-08-27,2019-11-05,fl:er_ln:meyerhofer-1,fl:ch_ln:hametner-1,0
10469149,11477810,2019-11-05,2022-10-18,fl:ji_ln:kang-204,fl:ji_ln:kang-204,1
10469149,10403488,2019-11-05,2019-09-03,fl:ji_ln:kang-204,fl:jo_ln:ramsey-3,0
10391281,10391280,2019-08-27,2019-08-27,fl:ba_ln:bian-1,fl:ba_ln:bian-1,1
10391281,10463768,2019-08-27,2019-11-05,fl:ba_ln:bian-1,fl:ge_ln:yalanis-1,0
11471044,10466232,2022-10-18,2019-11-05,fl:da_ln:orr-2,fl:da_ln:orr-2,1
11471044,10391673,2022-10-18,2019-08-27,fl:da_ln:orr-2,fl:sa_ln:an-5,0
10393853,10397799,2019-08-27,2019-08-27,fl:ab_ln:salama-1,fl:ab_ln:salama-1,1
10393853,11470813,2019-08-27,2022-10-18,fl:ab_ln:salama-1,fl:jo_ln:huber-16,0
10448383,10448284,2019-10-15,2019-10-15,fl:ju_ln:luo-11,fl:ju_ln:luo-11,1
10448383,10469705,2019-10-15,2019-11-05,fl:ju_ln:luo-11,fl:ta_ln:minami-19,0
11472292,10401191,2022-10-18,2019-09-03,fl:su_ln:kim-371,fl:su_ln:kim-371,1
11472292,10401227,2022-10-18,2019-09-03,fl:su_ln:kim-371,fl:sa_ln:yokota-4,0
10446601,10468438,2019-10-15,2019-11-05,fl:to_ln:wakano-1,fl:to_ln:wakano-1,1
10446601,10394130,2019-10-15,2019-08-27,fl:to_ln:wakano-1,fl:ch_ln:bencher-3,0
10448414,10396882,2019-10-15,2019-08-27,fl:ta_ln:aiba-7,fl:ta_ln:aiba-7,1
10448414,10444976,2019-10-15,2019-10-15,fl:ta_ln:aiba-7,fl:ku_ln:revis-1,0
10403155,11477374,2019-09-03,2022-10-18,fl:gu_ln:kimchi-1,fl:gu_ln:kimchi-1,1
10403155,10402941,2019-09-03,2019-09-03,fl:gu_ln:kimchi-1,fl:ja_ln:klosowski-2,0
10390770,10402637,2019-08-27,2019-09-03,fl:ed_ln:jung-2,fl:ed_ln:jung-2,1
10390770,10466823,2019-08-27,2019-11-05,fl:ed_ln:jung-2,fl:ja_ln:lee-665,0
10404427,10405229,2019-09-03,2019-09-03,fl:sa_ln:kim-450,fl:sa_ln:kim-450,1
10404427,10394019,2019-09-03,2019-08-27,fl:sa_ln:kim-450,fl:to_ln:sundberg-1,0
10396688,10395857,2019-08-27,2019-08-27,fl:mi_ln:gasperi-1,fl:mi_ln:gasperi-1,1
10396688,10395659,2019-08-27,2019-08-27,fl:mi_ln:gasperi-1,fl:ai_ln:piercy-1,0
10391279,10391280,2019-08-27,2019-08-27,fl:al_ln:gowdar-1,fl:al_ln:gowdar-1,1
10391279,10398226,2019-08-27,2019-09-03,fl:al_ln:gowdar-1,fl:ch_ln:wang-507,0
10403760,10403762,2019-09-03,2019-09-03,fl:sh_ln:yamazaki-67,fl:sh_ln:yamazaki-67,1
10403760,10466971,2019-09-03,2019-11-05,fl:sh_ln:yamazaki-67,fl:ol_ln:colle-2,0
10402365,10445270,2019-09-03,2019-10-15,fl:la_ln:mishra-6,fl:la_ln:mishra-6,1
10402365,10395234,2019-09-03,2019-08-27,fl:la_ln:mishra-6,fl:ma_ln:greenwald-5,0
10399190,10395340,2019-09-03,2019-08-27,fl:tr_ln:north-2,fl:tr_ln:north-2,1
10399190,10395776,2019-09-03,2019-08-27,fl:tr_ln:north-2,fl:ch_ln:taylor-55,0
10396069,10396214,2019-08-27,2019-08-27,fl:ka_ln:cheng-38,fl:ka_ln:cheng-38,1
10396069,10446249,2019-08-27,2019-10-15,fl:ka_ln:cheng-38,fl:ya_ln:yoshimizu-2,0
11475836,11476319,2022-10-18,2022-10-18,fl:su_ln:kwon-38,fl:su_ln:kwon-38,1
11475836,10400076,2022-10-18,2019-09-03,fl:su_ln:kwon-38,fl:sh_ln:ueno-26,0
10448032,11477476,2019-10-15,2022-10-18,fl:ma_ln:karczewicz-1,fl:ma_ln:karczewicz-1,1
10448032,10467147,2019-10-15,2019-11-05,fl:ma_ln:karczewicz-1,fl:ma_ln:maheshwari-2,0
10466160,10401277,2019-11-05,2019-09-03,fl:pr_ln:gogoi-3,fl:pr_ln:gogoi-3,1
10466160,11477303,2019-11-05,2022-10-18,fl:pr_ln:gogoi-3,fl:sh_ln:abdelwahab-1,0
11476985,10470067,2022-10-18,2019-11-05,fl:se_ln:han-83,fl:se_ln:han-83,1
11476985,10464770,2022-10-18,2019-11-05,fl:se_ln:han-83,fl:ko_ln:ueno-8,0
10448341,10405200,2019-10-15,2019-09-03,fl:ry_ln:kimura-21,fl:ry_ln:kimura-21,1
10448341,10399483,2019-10-15,2019-09-03,fl:ry_ln:kimura-21,fl:st_ln:helwig-2,0
10394123,11476108,2019-08-27,2022-10-18,fl:ch_ln:chang-199,fl:ch_ln:chang-199,1
10394123,10445507,2019-08-27,2019-10-15,fl:ch_ln:chang-199,fl:ph_ln:suter-3,0
10448186,10445916,2019-10-15,2019-10-15,fl:ju_ln:arrasvuori-1,fl:ju_ln:arrasvuori-1,1
10448186,11471210,2019-10-15,2022-10-18,fl:ju_ln:arrasvuori-1,fl:re_ln:peters-2,0
10393574,10444392,2019-08-27,2019-10-15,fl:to_ln:parker-5,fl:to_ln:parker-5,1
10393574,10447356,2019-08-27,2019-10-15,fl:to_ln:parker-5,fl:yo_ln:zhou-88,0
10399486,10391943,2019-09-03,2019-08-27,fl:st_ln:salter-6,fl:st_ln:salter-6,1
10399486,10463102,2019-09-03,2019-11-05,fl:st_ln:salter-6,fl:pe_ln:williams-21,0
10469330,10469477,2019-11-05,2019-11-05,fl:gr_ln:roth-4,fl:gr_ln:roth-4,1
10469330,11473318,2019-11-05,2022-10-18,fl:gr_ln:roth-4,fl:mi_ln:somerfield-1,0
10443367,10401274,2019-10-15,2019-09-03,fl:da_ln:georgi-2,fl:da_ln:georgi-2,1
10443367,10444533,2019-10-15,2019-10-15,fl:da_ln:georgi-2,fl:pi_ln:lussier-1,0
10396172,10446664,2019-08-27,2019-10-15,fl:pe_ln:xu-25,fl:pe_ln:xu-25,1
10396172,10442547,2019-08-27,2019-10-15,fl:pe_ln:xu-25,fl:mi_ln:gansler-2,0
11475567,10445580,2022-10-18,2019-10-15,fl:te_ln:matsumoto-15,fl:te_ln:matsumoto-15,1
11475567,10444668,2022-10-18,2019-10-15,fl:te_ln:matsumoto-15,fl:yu_ln:sadamitsu-3,0
11473969,10444359,2022-10-18,2019-10-15,fl:ma_ln:frichtl-1,fl:ma_ln:frichtl-1,1
11473969,11471818,2022-10-18,2022-10-18,fl:ma_ln:frichtl-1,fl:mi_ln:kiffer-1,0
10404414,10447307,2019-09-03,2019-10-15,fl:su_ln:park-46,fl:su_ln:park-46,1
10404414,10400084,2019-09-03,2019-09-03,fl:su_ln:park-46,fl:da_ln:larsen-11,0
10446249,10403381,2019-10-15,2019-09-03,fl:ta_ln:shimada-29,fl:ta_ln:shimada-29,1
10446249,10467897,2019-10-15,2019-11-05,fl:ta_ln:shimada-29,fl:so_ln:suzuki-8,0
10466380,10401529,2019-11-05,2019-09-03,fl:bu_ln:donderici-1,fl:bu_ln:donderici-1,1
10466380,10444821,2019-11-05,2019-10-15,fl:bu_ln:donderici-1,fl:ya_ln:kozuka-1,0
10469830,10402637,2019-11-05,2019-09-03,fl:na_ln:myhrvold-2,fl:na_ln:myhrvold-2,1
10469830,10470238,2019-11-05,2019-11-05,fl:na_ln:myhrvold-2,fl:zh_ln:cai-53,0
11476982,10470048,2022-10-18,2019-11-05,fl:ju_ln:montojo-1,fl:ju_ln:montojo-1,1
11476982,10468775,2022-10-18,2019-11-05,fl:ju_ln:montojo-1,fl:yi_ln:sun-131,0
10391605,11471999,2019-08-27,2022-10-18,fl:as_ln:chockalingam-1,fl:as_ln:chockalingam-1,1
10391605,11477550,2019-08-27,2022-10-18,fl:as_ln:chockalingam-1,fl:pr_ln:das-23,0
10394648,11475102,2019-08-27,2022-10-18,fl:di_ln:niu-1,fl:di_ln:niu-1,1
10394648,10469859,2019-08-27,2019-11-05,fl:di_ln:niu-1,fl:xi_ln:li-649,0
10469192,10469228,2019-11-05,2019-11-05,fl:pa_ln:henry-8,fl:pa_ln:henry-8,1
10469192,11475567,2019-11-05,2022-10-18,fl:pa_ln:henry-8,fl:hi_ln:yoshizawa-10,0
10404755,11475158,2019-09-03,2022-10-18,fl:kr_ln:narayanaswamy-2,fl:kr_ln:narayanaswamy-2,1
10404755,10441761,2019-09-03,2019-10-15,fl:kr_ln:narayanaswamy-2,fl:jo_ln:vega-6,0
10445638,11475306,2019-10-15,2022-10-18,fl:th_ln:volpe-1,fl:th_ln:volpe-1,1
10445638,10396526,2019-10-15,2019-08-27,fl:th_ln:volpe-1,fl:mi_ln:abe-33,0
11476585,10396838,2022-10-18,2019-08-27,fl:am_ln:abdelmonem-1,fl:am_ln:abdelmonem-1,1
11476585,10403013,2022-10-18,2019-09-03,fl:am_ln:abdelmonem-1,fl:yo_ln:heo-1,0
10445902,10392752,2019-10-15,2019-08-27,fl:ta_ln:wang-78,fl:ta_ln:wang-78,1
10445902,10465608,2019-10-15,2019-11-05,fl:ta_ln:wang-78,fl:ta_ln:sonoda-19,0
10403381,10446249,2019-09-03,2019-10-15,fl:no_ln:umetsu-2,fl:no_ln:umetsu-2,1
10403381,11471078,2019-09-03,2022-10-18,fl:no_ln:umetsu-2,fl:ni_ln:morrill-1,0
10404838,10397280,2019-09-03,2019-08-27,fl:ma_ln:nedbal-1,fl:ma_ln:nedbal-1,1
10404838,10466718,2019-09-03,2019-11-05,fl:ma_ln:nedbal-1,fl:ho_ln:zhang-140,0
10395718,10468085,2019-08-27,2019-11-05,fl:xi_ln:guo-161,fl:xi_ln:guo-161,1
10395718,10396269,2019-08-27,2019-08-27,fl:xi_ln:guo-161,fl:ra_ln:das-4,0
10398466,10441310,2019-09-03,2019-10-15,fl:ke_ln:houser-1,fl:ke_ln:houser-1,1
10398466,10445720,2019-09-03,2019-10-15,fl:ke_ln:houser-1,fl:ch_ln:watts-8,0
11476959,10397123,2022-10-18,2019-08-27,fl:vi_ln:gopalakrishnan-3,fl:vi_ln:gopalakrishnan-3,1
11476959,10464971,2022-10-18,2019-11-05,fl:vi_ln:gopalakrishnan-3,fl:do_ln:missiakas-1,0
10441544,11471416,2019-10-15,2022-10-18,fl:pa_ln:glue-1,fl:pa_ln:glue-1,1
10441544,10444257,2019-10-15,2019-10-15,fl:pa_ln:glue-1,fl:sh_ln:zheng-6,0
10445006,10402268,2019-10-15,2019-09-03,fl:ti_ln:markison-1,fl:ti_ln:markison-1,1
10445006,11471613,2019-10-15,2022-10-18,fl:ti_ln:markison-1,fl:ka_ln:shibata-31,0
10397885,11477687,2019-08-27,2022-10-18,fl:ka_ln:takeda-27,fl:ka_ln:takeda-27,1
10397885,10466152,2019-08-27,2019-11-05,fl:ka_ln:takeda-27,fl:wi_ln:gillette-3,0
10396761,10404240,2019-08-27,2019-09-03,fl:mi_ln:kim-142,fl:mi_ln:kim-142,1
10396761,10447334,2019-08-27,2019-10-15,fl:mi_ln:kim-142,fl:ar_ln:sharma-7,0
10445451,10445250,2019-10-15,2019-10-15,fl:si_ln:steely-1,fl:si_ln:steely-1,1
10445451,11476927,2019-10-15,2022-10-18,fl:si_ln:steely-1,fl:mi_ln:kane-6,0
10470049,10448402,2019-11-05,2019-10-15,fl:se_ln:lee-699,fl:se_ln:lee-699,1
10470049,10402123,2019-11-05,2019-09-03,fl:se_ln:lee-699,fl:ma_ln:kalos-2,0
10469278,10469367,2019-11-05,2019-11-05,fl:na_ln:nainar-1,fl:na_ln:nainar-1,1
10469278,10403897,2019-11-05,2019-09-03,fl:na_ln:nainar-1,fl:si_ln:lux-1,0
11476574,11476585,2022-10-18,2022-10-18,fl:am_ln:abdelmonem-1,fl:am_ln:abdelmonem-1,1
11476574,10466964,2022-10-18,2019-11-05,fl:am_ln:abdelmonem-1,fl:ra_ln:goyal-11,0
10395117,10402663,2019-08-27,2019-09-03,fl:gr_ln:tsai-1,fl:gr_ln:tsai-1,1
10395117,10468718,2019-08-27,2019-11-05,fl:gr_ln:tsai-1,fl:ho_ln:choi-169,0
10397951,10447515,2019-08-27,2019-10-15,fl:ku_ln:balachandran-1,fl:ku_ln:balachandran-1,1
10397951,10444156,2019-08-27,2019-10-15,fl:ku_ln:balachandran-1,fl:ch_ln:brandt-8,0
11475188,10447190,2022-10-18,2019-10-15,fl:ya_ln:liu-289,fl:ya_ln:liu-289,1
11475188,11471570,2022-10-18,2022-10-18,fl:ya_ln:liu-289,fl:sa_ln:pulapura-1,0
10403545,10403714,2019-09-03,2019-09-03,fl:ch_ln:wang-216,fl:ch_ln:wang-216,1
10403545,10465054,2019-09-03,2019-11-05,fl:ch_ln:wang-216,fl:ta_ln:ishigure-2,0
11476992,10397909,2022-10-18,2019-08-27,fl:jo_ln:park-663,fl:jo_ln:park-663,1
11476992,10441696,2022-10-18,2019-10-15,fl:jo_ln:park-663,fl:ma_ln:doyle-6,0
10446249,10446212,2019-10-15,2019-10-15,fl:to_ln:sanuki-3,fl:to_ln:sanuki-3,1
10446249,10401995,2019-10-15,2019-09-03,fl:to_ln:sanuki-3,fl:ch_ln:maeng-8,0
10397104,10469621,2019-08-27,2019-11-05,fl:bj_ln:johnsen-1,fl:bj_ln:johnsen-1,1
10397104,10392472,2019-08-27,2019-08-27,fl:bj_ln:johnsen-1,fl:ji_ln:wang-458,0
11477259,10470240,2022-10-18,2019-11-05,fl:ky_ln:moon-58,fl:ky_ln:moon-58,1
11477259,10400151,2022-10-18,2019-09-03,fl:ky_ln:moon-58,fl:hi_ln:kiritani-1,0
10405352,10405304,2019-09-03,2019-09-03,fl:ak_ln:nishio-3,fl:ak_ln:nishio-3,1
10405352,10468601,2019-09-03,2019-11-05,fl:ak_ln:nishio-3,fl:st_ln:runge-1,0
11477484,10448010,2022-10-18,2019-10-15,fl:ma_ln:karczewicz-1,fl:ma_ln:karczewicz-1,1
11477484,10400059,2022-10-18,2019-09-03,fl:ma_ln:karczewicz-1,fl:fr_ln:simon-1,0
10448412,10448373,2019-10-15,2019-10-15,fl:su_ln:yang-171,fl:su_ln:yang-171,1
10448412,10470242,2019-10-15,2019-11-05,fl:su_ln:yang-171,fl:ju_ln:montojo-1,0
10468619,10396397,2019-11-05,2019-08-27,fl:sa_ln:seo-48,fl:sa_ln:seo-48,1
10468619,11476513,2019-11-05,2022-10-18,fl:sa_ln:seo-48,fl:mo_ln:hwang-7,0
10468748,10446103,2019-11-05,2019-10-15,fl:ju_ln:koyama-9,fl:ju_ln:koyama-9,1
10468748,10445835,2019-11-05,2019-10-15,fl:ju_ln:koyama-9,fl:ra_ln:upadhyaya-4,0
10391364,10441851,2019-08-27,2019-10-15,fl:da_ln:bartels-1,fl:da_ln:bartels-1,1
10391364,10464581,2019-08-27,2019-11-05,fl:da_ln:bartels-1,fl:ko_ln:murata-9,0
10441127,10398267,2019-10-15,2019-09-03,fl:bi_ln:song-8,fl:bi_ln:song-8,1
10441127,10463569,2019-10-15,2019-11-05,fl:bi_ln:song-8,fl:fl_ln:wagner-2,0
10396968,10405284,2019-08-27,2019-09-03,fl:ge_ln:vanlieshout-2,fl:ge_ln:vanlieshout-2,1
10396968,10444428,2019-08-27,2019-10-15,fl:ge_ln:vanlieshout-2,fl:no_ln:hanzawa-2,0
10444385,10401510,2019-10-15,2019-09-03,fl:da_ln:newman-6,fl:da_ln:newman-6,1
10444385,11477256,2019-10-15,2022-10-18,fl:da_ln:newman-6,fl:da_ln:tirer-1,0
11476905,11476998,2022-10-18,2022-10-18,fl:ra_ln:berliner-1,fl:ra_ln:berliner-1,1
11476905,10397791,2022-10-18,2019-08-27,fl:ra_ln:berliner-1,fl:pa_ln:pillayesnault-1,0
10469511,10404727,2019-11-05,2019-09-03,fl:je_ln:vasseur-3,fl:je_ln:vasseur-3,1
10469511,10470068,2019-11-05,2019-11-05,fl:je_ln:vasseur-3,fl:yu_ln:zhang-252,0
10469230,10447448,2019-11-05,2019-10-15,fl:wo_ln:lee-305,fl:wo_ln:lee-305,1
10469230,10402864,2019-11-05,2019-09-03,fl:wo_ln:lee-305,fl:ke_ln:maeda-6,0
10447447,10405278,2019-10-15,2019-09-03,fl:ji_ln:jiang-81,fl:ji_ln:jiang-81,1
10447447,10404610,2019-10-15,2019-09-03,fl:ji_ln:jiang-81,fl:su_ln:jos-1,0
10395340,10404935,2019-08-27,2019-09-03,fl:de_ln:aurongzeb-2,fl:de_ln:aurongzeb-2,1
10395340,10440991,2019-08-27,2019-10-15,fl:de_ln:aurongzeb-2,fl:ro_ln:levitz-1,0
10441372,10390894,2019-10-15,2019-08-27,fl:br_ln:schena-1,fl:br_ln:schena-1,1
10441372,10444530,2019-10-15,2019-10-15,fl:br_ln:schena-1,fl:so_ln:lim-12,0
10466613,10401585,2019-11-05,2019-09-03,fl:ta_ln:kondo-56,fl:ta_ln:kondo-56,1
10466613,10396974,2019-11-05,2019-08-27,fl:ta_ln:kondo-56,fl:ul_ln:moehlmann-1,0
10469141,10448333,2019-11-05,2019-10-15,fl:ha_ln:cho-144,fl:ha_ln:cho-144,1
10469141,10464317,2019-11-05,2019-11-05,fl:ha_ln:cho-144,fl:sh_ln:fukuda-44,0
10394112,10399486,2019-08-27,2019-09-03,fl:pa_ln:dellock-1,fl:pa_ln:dellock-1,1
10394112,11471738,2019-08-27,2022-10-18,fl:pa_ln:dellock-1,fl:hi_ln:bennett-1,0
10446689,10446688,2019-10-15,2019-10-15,fl:ye_ln:chen-94,fl:ye_ln:chen-94,1
10446689,10399666,2019-10-15,2019-09-03,fl:ye_ln:chen-94,fl:gu_ln:kimchi-1,0
10442813,10442832,2019-10-15,2019-10-15,fl:ja_ln:kannapan-1,fl:ja_ln:kannapan-1,1
10442813,10391631,2019-10-15,2019-08-27,fl:ja_ln:kannapan-1,fl:do_ln:moore-25,0
10405181,10397001,2019-09-03,2019-08-27,fl:ar_ln:mathias-1,fl:ar_ln:mathias-1,1
10405181,10442823,2019-09-03,2019-10-15,fl:ar_ln:mathias-1,fl:th_ln:gero-1,0
10403193,11475836,2019-09-03,2022-10-18,fl:yu_ln:jeon-22,fl:yu_ln:jeon-22,1
10403193,10441758,2019-09-03,2019-10-15,fl:yu_ln:jeon-22,fl:ke_ln:muni-2,0
10443371,10444404,2019-10-15,2019-10-15,fl:bu_ln:donderici-1,fl:bu_ln:donderici-1,1
10443371,11476025,2019-10-15,2022-10-18,fl:bu_ln:donderici-1,fl:je_ln:walter-10,0
11474892,10467274,2022-10-18,2019-11-05,fl:ji_ln:li-254,fl:ji_ln:li-254,1
11474892,10469628,2022-10-18,2019-11-05,fl:ji_ln:li-254,fl:of_ln:vilenski-1,0
11476262,10396145,2022-10-18,2019-08-27,fl:du_ln:ramaswamy-2,fl:du_ln:ramaswamy-2,1
11476262,10401361,2022-10-18,2019-09-03,fl:du_ln:ramaswamy-2,fl:jo_ln:naleway-1,0
11475638,10395239,2022-10-18,2019-08-27,fl:mi_ln:mossoba-1,fl:mi_ln:mossoba-1,1
11475638,10401800,2022-10-18,2019-09-03,fl:mi_ln:mossoba-1,fl:ka_ln:tong-1,0
10469833,10394036,2019-11-05,2019-08-27,fl:ho_ln:hua-3,fl:ho_ln:hua-3,1
10469833,10463791,2019-11-05,2019-11-05,fl:ho_ln:hua-3,fl:ol_ln:shergold-1,0
10469149,10447443,2019-11-05,2019-10-15,fl:ki_ln:kim-277,fl:ki_ln:kim-277,1
10469149,10444862,2019-11-05,2019-10-15,fl:ki_ln:kim-277,fl:do_ln:krumpelman-1,0
11471090,11476000,2022-10-18,2022-10-18,fl:sh_ln:ramchandani-2,fl:sh_ln:ramchandani-2,1
11471090,10442780,2022-10-18,2019-10-15,fl:sh_ln:ramchandani-2,fl:vi_ln:murphy-2,0
10448018,10469840,2019-10-15,2019-11-05,fl:ji_ln:choi-154,fl:ji_ln:choi-154,1
10448018,10445622,2019-10-15,2019-10-15,fl:ji_ln:choi-154,fl:ra_ln:tao-3,0
10390685,10463237,2019-08-27,2019-11-05,fl:va_ln:saadat-1,fl:va_ln:saadat-1,1
10390685,10444339,2019-08-27,2019-10-15,fl:va_ln:saadat-1,fl:fr_ln:tuxen-1,0
10403084,10403082,2019-09-03,2019-09-03,fl:st_ln:keilwert-1,fl:st_ln:keilwert-1,1
10403084,10444129,2019-09-03,2019-10-15,fl:st_ln:keilwert-1,fl:th_ln:brown-46,0
10441029,10463106,2019-10-15,2019-11-05,fl:be_ln:monfils-1,fl:be_ln:monfils-1,1
10441029,10464675,2019-10-15,2019-11-05,fl:be_ln:monfils-1,fl:ja_ln:eggenberger-1,0
10396952,10397024,2019-08-27,2019-08-27,fl:ro_ln:stacey-5,fl:ro_ln:stacey-5,1
10396952,11476545,2019-08-27,2022-10-18,fl:ro_ln:stacey-5,fl:jo_ln:damaske-1,0
10395582,10395966,2019-08-27,2019-08-27,fl:ch_ln:bower-7,fl:ch_ln:bower-7,1
10395582,11475999,2019-08-27,2022-10-18,fl:ch_ln:bower-7,fl:ra_ln:gupta-39,0
11475836,11476319,2022-10-18,2022-10-18,fl:by_ln:kim-192,fl:by_ln:kim-192,1
11475836,11477491,2022-10-18,2022-10-18,fl:by_ln:kim-192,fl:ho_ln:liu-69,0
10467958,10403193,2019-11-05,2019-09-03,fl:hy_ln:park-94,fl:hy_ln:park-94,1
10467958,11477602,2019-11-05,2022-10-18,fl:hy_ln:park-94,fl:pa_ln:mcdevitt-1,0
10463366,11471158,2019-11-05,2022-10-18,fl:mi_ln:vendely-1,fl:mi_ln:vendely-1,1
10463366,11477404,2019-11-05,2022-10-18,fl:mi_ln:vendely-1,fl:te_ln:takada-3,0
10447305,10404285,2019-10-15,2019-09-03,fl:na_ln:hur-3,fl:na_ln:hur-3,1
10447305,10404296,2019-10-15,2019-09-03,fl:na_ln:hur-3,fl:ke_ln:chuang-12,0
10402684,11474348,2019-09-03,2022-10-18,fl:da_ln:kurz-1,fl:da_ln:kurz-1,1
10402684,11474183,2019-09-03,2022-10-18,fl:da_ln:kurz-1,fl:al_ln:ersoz-1,0
10404361,10469203,2019-09-03,2019-11-05,fl:al_ln:gorokhov-2,fl:al_ln:gorokhov-2,1
10404361,10444787,2019-09-03,2019-10-15,fl:al_ln:gorokhov-2,fl:yu_ln:suh-5,0
10470242,10405306,2019-11-05,2019-09-03,fl:ju_ln:montojo-1,fl:ju_ln:montojo-1,1
10470242,10468356,2019-11-05,2019-11-05,fl:ju_ln:montojo-1,fl:bo_ln:tan-12,0
10468774,10469107,2019-11-05,2019-11-05,fl:pa_ln:henry-8,fl:pa_ln:henry-8,1
10468774,10404068,2019-11-05,2019-09-03,fl:pa_ln:henry-8,fl:da_ln:moore-76,0
10469138,11476917,2019-11-05,2022-10-18,fl:ma_ln:frenne-1,fl:ma_ln:frenne-1,1
10469138,10465011,2019-11-05,2019-11-05,fl:ma_ln:frenne-1,fl:ni_ln:schiering-1,0
10394000,10444473,2019-08-27,2019-10-15,fl:ye_ln:chang-16,fl:ye_ln:chang-16,1
10394000,11471049,2019-08-27,2022-10-18,fl:ye_ln:chang-16,fl:ta_ln:yukimori-1,0
10469107,10446936,2019-11-05,2019-10-15,fl:pa_ln:henry-8,fl:pa_ln:henry-8,1
10469107,10404637,2019-11-05,2019-09-03,fl:pa_ln:henry-8,fl:ke_ln:fern-2,0
10448351,10397754,2019-10-15,2019-08-27,fl:ta_ln:yoo-59,fl:ta_ln:yoo-59,1
10448351,10444394,2019-10-15,2019-10-15,fl:ta_ln:yoo-59,fl:ma_ln:bittner-2,0
10397959,10448273,2019-08-27,2019-10-15,fl:se_ln:yi-35,fl:se_ln:yi-35,1
10397959,10401839,2019-08-27,2019-09-03,fl:se_ln:yi-35,fl:mo_ln:singhai-1,0
10469387,10470174,2019-11-05,2019-11-05,fl:sa_ln:vermani-1,fl:sa_ln:vermani-1,1
10469387,10448276,2019-11-05,2019-10-15,fl:sa_ln:vermani-1,fl:su_ln:chun-24,0
11477437,11477449,2022-10-18,2022-10-18,fl:ka_ln:zhang-44,fl:ka_ln:zhang-44,1
11477437,10465699,2022-10-18,2019-11-05,fl:ka_ln:zhang-44,fl:jo_ln:kwak-39,0
10403381,10446249,2019-09-03,2019-10-15,fl:to_ln:sanuki-3,fl:to_ln:sanuki-3,1
10403381,10391281,2019-09-03,2019-08-27,fl:to_ln:sanuki-3,fl:th_ln:le-46,0
10394881,10392816,2019-08-27,2019-08-27,fl:ja_ln:chang-67,fl:ja_ln:chang-67,1
10394881,10467965,2019-08-27,2019-11-05,fl:ja_ln:chang-67,fl:ze_ln:chen-33,0
10441464,10441465,2019-10-15,2019-10-15,fl:br_ln:woodley-1,fl:br_ln:woodley-1,1
10441464,10392244,2019-10-15,2019-08-27,fl:br_ln:woodley-1,fl:hs_ln:huang-73,0
10442203,10391801,2019-10-15,2019-08-27,fl:sh_ln:okushima-1,fl:sh_ln:okushima-1,1
10442203,10470288,2019-10-15,2019-11-05,fl:sh_ln:okushima-1,fl:ty_ln:gribb-1,0
10469149,10447443,2019-11-05,2019-10-15,fl:he_ln:kim-346,fl:he_ln:kim-346,1
10469149,10391948,2019-11-05,2019-08-27,fl:he_ln:kim-346,fl:ch_ln:kraeuter-1,0
10404542,10404811,2019-09-03,2019-09-03,fl:da_ln:seed-1,fl:da_ln:seed-1,1
10404542,10445225,2019-09-03,2019-10-15,fl:da_ln:seed-1,fl:ne_ln:surana-2,0
11472949,10392451,2022-10-18,2019-08-27,fl:ki_ln:lee-44,fl:ki_ln:lee-44,1
11472949,11473559,2022-10-18,2022-10-18,fl:ki_ln:lee-44,fl:th_ln:nielsen-11,0
10470240,10469919,2019-11-05,2019-11-05,fl:su_ln:hong-238,fl:su_ln:hong-238,1
10470240,10447760,2019-11-05,2019-10-15,fl:su_ln:hong-238,fl:ky_ln:noh-7,0
11476982,11477784,2022-10-18,2022-10-18,fl:al_ln:ricoalvarino-2,fl:al_ln:ricoalvarino-2,1
11476982,11477908,2022-10-18,2022-10-18,fl:al_ln:ricoalvarino-2,fl:wi_ln:leung-26,0
10405134,10405135,2019-09-03,2019-09-03,fl:wa_ln:patterson-8,fl:wa_ln:patterson-8,1
10405134,10463645,2019-09-03,2019-11-05,fl:wa_ln:patterson-8,fl:sh_ln:lin-50,0
10445832,11475520,2019-10-15,2022-10-18,fl:fr_ln:kmiec-1,fl:fr_ln:kmiec-1,1
10445832,11471323,2019-10-15,2022-10-18,fl:fr_ln:kmiec-1,fl:le_ln:rogers-6,0
11477730,11477745,2022-10-18,2022-10-18,fl:lo_ln:verma-1,fl:lo_ln:verma-1,1
11477730,10401152,2022-10-18,2019-09-03,fl:lo_ln:verma-1,fl:ch_ln:nagura-1,0
10467770,10443215,2019-11-05,2019-10-15,fl:sh_ln:sato-81,fl:sh_ln:sato-81,1
10467770,10397440,2019-11-05,2019-08-27,fl:sh_ln:sato-81,fl:yu_ln:kurokawa-12,0
10401510,10401506,2019-09-03,2019-09-03,fl:da_ln:newman-6,fl:da_ln:newman-6,1
10401510,11471436,2019-09-03,2022-10-18,fl:da_ln:newman-6,fl:ke_ln:kusumi-1,0
10400366,10465314,2019-09-03,2019-11-05,fl:da_ln:podhajny-1,fl:da_ln:podhajny-1,1
10400366,10394301,2019-09-03,2019-08-27,fl:da_ln:podhajny-1,fl:ja_ln:truckle-1,0
10403193,10467958,2019-09-03,2019-11-05,fl:hy_ln:park-94,fl:hy_ln:park-94,1
10403193,11474715,2019-09-03,2022-10-18,fl:hy_ln:park-94,fl:bi_ln:thakkar-2,0
10465496,10444404,2019-11-05,2019-10-15,fl:bu_ln:donderici-1,fl:bu_ln:donderici-1,1
10465496,10402899,2019-11-05,2019-09-03,fl:bu_ln:donderici-1,fl:da_ln:dao-6,0
11477456,11477454,2022-10-18,2022-10-18,fl:se_ln:kim-778,fl:se_ln:kim-778,1
11477456,11472856,2022-10-18,2022-10-18,fl:se_ln:kim-778,fl:ul_ln:nielsen-4,0
11473503,11473997,2022-10-18,2022-10-18,fl:to_ln:yeung-1,fl:to_ln:yeung-1,1
11473503,10441216,2022-10-18,2019-10-15,fl:to_ln:yeung-1,fl:ti_ln:burton-2,0
10463447,10390890,2019-11-05,2019-08-27,fl:ar_ln:jagga-1,fl:ar_ln:jagga-1,1
10463447,10390748,2019-11-05,2019-08-27,fl:ar_ln:jagga-1,fl:ki_ln:lee-234,0
11472001,10442056,2022-10-18,2019-10-15,fl:ma_ln:fukushima-25,fl:ma_ln:fukushima-25,1
11472001,10441509,2022-10-18,2019-10-15,fl:ma_ln:fukushima-25,fl:th_ln:rouse-1,0
10404434,10448296,2019-09-03,2019-10-15,fl:ch_ln:patel-27,fl:ch_ln:patel-27,1
10404434,11471806,2019-09-03,2022-10-18,fl:ch_ln:patel-27,fl:da_ln:lee-207,0
10468660,11470936,2019-11-05,2022-10-18,fl:ji_ln:kim-467,fl:ji_ln:kim-467,1
10468660,10447137,2019-11-05,2019-10-15,fl:ji_ln:kim-467,fl:ko_ln:abledu-1,0
10445250,10469397,2019-10-15,2019-11-05,fl:si_ln:steely-1,fl:si_ln:steely-1,1
10445250,10467651,2019-10-15,2019-11-05,fl:si_ln:steely-1,fl:gl_ln:vandatta-1,0
10466448,10466441,2019-11-05,2019-11-05,fl:ke_ln:kubota-14,fl:ke_ln:kubota-14,1
10466448,10403520,2019-11-05,2019-09-03,fl:ke_ln:kubota-14,fl:yo_ln:kim-967,0
10404338,10404413,2019-09-03,2019-09-03,fl:ch_ln:wei-209,fl:ch_ln:wei-209,1
10404338,10402776,2019-09-03,2019-09-03,fl:ch_ln:wei-209,fl:ch_ln:venable-2,0
10448333,10448367,2019-10-15,2019-10-15,fl:je_ln:kim-428,fl:je_ln:kim-428,1
10448333,10398631,2019-10-15,2019-09-03,fl:je_ln:kim-428,fl:ve_ln:ferrari-1,0
10446249,10403381,2019-10-15,2019-09-03,fl:sh_ln:miyano-3,fl:sh_ln:miyano-3,1
10446249,10470297,2019-10-15,2019-11-05,fl:sh_ln:miyano-3,fl:ay_ln:takasaki-2,0
10396952,11477807,2019-08-27,2022-10-18,fl:qi_ln:li-175,fl:qi_ln:li-175,1
10396952,10467018,2019-08-27,2019-11-05,fl:qi_ln:li-175,fl:yo_ln:park-90,0
10391549,10391670,2019-08-27,2019-08-27,fl:do_ln:konitzer-1,fl:do_ln:konitzer-1,1
10391549,11472316,2019-08-27,2022-10-18,fl:do_ln:konitzer-1,fl:sa_ln:toonders-2,0
10404115,10447096,2019-09-03,2019-10-15,fl:mo_ln:hazeyama-1,fl:mo_ln:hazeyama-1,1
10404115,11477870,2019-09-03,2022-10-18,fl:mo_ln:hazeyama-1,fl:sh_ln:emoto-6,0
10469919,10405148,2019-11-05,2019-09-03,fl:ky_ln:moon-58,fl:ky_ln:moon-58,1
10469919,10398964,2019-11-05,2019-09-03,fl:ky_ln:moon-58,fl:ja_ln:long-24,0
10396964,11477802,2019-08-27,2022-10-18,fl:ju_ln:lee-454,fl:ju_ln:lee-454,1
10396964,10443088,2019-08-27,2019-10-15,fl:ju_ln:lee-454,fl:te_ln:springer-2,0
10396152,10403740,2019-08-27,2019-09-03,fl:ka_ln:cheng-38,fl:ka_ln:cheng-38,1
10396152,10404954,2019-08-27,2019-09-03,fl:ka_ln:cheng-38,fl:ka_ln:tsukamoto-24,0
11475906,11475905,2022-10-18,2022-10-18,fl:ma_ln:neuendorf-1,fl:ma_ln:neuendorf-1,1
11475906,10447868,2022-10-18,2019-10-15,fl:ma_ln:neuendorf-1,fl:he_ln:tyson-1,0
10443371,10401529,2019-10-15,2019-09-03,fl:bu_ln:donderici-1,fl:bu_ln:donderici-1,1
10443371,10468476,2019-10-15,2019-11-05,fl:bu_ln:donderici-1,fl:en_ln:cho-2,0
10467361,10445444,2019-11-05,2019-10-15,fl:hi_ln:yoshida-48,fl:hi_ln:yoshida-48,1
10467361,11473761,2019-11-05,2022-10-18,fl:hi_ln:yoshida-48,fl:an_ln:laska-1,0
10469100,10396820,2019-11-05,2019-08-27,fl:he_ln:kim-11,fl:he_ln:kim-11,1
10469100,11474392,2019-11-05,2022-10-18,fl:he_ln:kim-11,fl:ji_ln:chen-215,0
10448046,10398048,2019-10-15,2019-08-27,fl:yo_ln:jeon-181,fl:yo_ln:jeon-181,1
10448046,11477909,2019-10-15,2022-10-18,fl:yo_ln:jeon-181,fl:yu_ln:horii-8,0
10399665,11477374,2019-09-03,2022-10-18,fl:gu_ln:kimchi-1,fl:gu_ln:kimchi-1,1
10399665,10404678,2019-09-03,2019-09-03,fl:gu_ln:kimchi-1,fl:sh_ln:tung-1,0
10469477,10469330,2019-11-05,2019-11-05,fl:gr_ln:roth-4,fl:gr_ln:roth-4,1
10469477,10402123,2019-11-05,2019-09-03,fl:gr_ln:roth-4,fl:ma_ln:craig-4,0
10467515,11477519,2019-11-05,2022-10-18,fl:ka_ln:yoshizawa-7,fl:ka_ln:yoshizawa-7,1
10467515,10442340,2019-11-05,2019-10-15,fl:ka_ln:yoshizawa-7,fl:ri_ln:oshima-1,0
10468414,10468350,2019-11-05,2019-11-05,fl:bo_ln:kim-100,fl:bo_ln:kim-100,1
10468414,11471838,2019-11-05,2022-10-18,fl:bo_ln:kim-100,fl:ju_ln:marquez-6,0
10448029,10448026,2019-10-15,2019-10-15,fl:xi_ln:li-475,fl:xi_ln:li-475,1
10448029,10445531,2019-10-15,2019-10-15,fl:xi_ln:li-475,fl:jo_ln:hoffman-30,0
10468138,10390765,2019-11-05,2019-08-27,fl:do_ln:mcnair-1,fl:do_ln:mcnair-1,1
10468138,10469425,2019-11-05,2019-11-05,fl:do_ln:mcnair-1,fl:my_ln:conley-1,0
10397754,10470242,2019-08-27,2019-11-05,fl:ta_ln:yoo-59,fl:ta_ln:yoo-59,1
10397754,10464291,2019-08-27,2019-11-05,fl:ta_ln:yoo-59,fl:at_ln:miki-2,0
10394905,10394906,2019-08-27,2019-08-27,fl:sh_ln:nemanov-1,fl:sh_ln:nemanov-1,1
10394905,10444033,2019-08-27,2019-10-15,fl:sh_ln:nemanov-1,fl:ra_ln:givon-1,0
11472426,11472273,2022-10-18,2022-10-18,fl:ni_ln:singer-1,fl:ni_ln:singer-1,1
11472426,10466339,2022-10-18,2019-11-05,fl:ni_ln:singer-1,fl:ha_ln:li-124,0
10393574,10393573,2019-08-27,2019-08-27,fl:ma_ln:farhadiroushan-1,fl:ma_ln:farhadiroushan-1,1
10393574,10465470,2019-08-27,2019-11-05,fl:ma_ln:farhadiroushan-1,fl:pr_ln:lofgren-1,0
10470128,11477824,2019-11-05,2022-10-18,fl:yo_ln:kwon-78,fl:yo_ln:kwon-78,1
10470128,11474218,2019-11-05,2022-10-18,fl:yo_ln:kwon-78,fl:ol_ln:vonhofsten-1,0
10393853,10397798,2019-08-27,2019-08-27,fl:er_ln:wills-2,fl:er_ln:wills-2,1
10393853,11474141,2019-08-27,2022-10-18,fl:er_ln:wills-2,fl:ta_ln:wei-4,0
11476984,11476982,2022-10-18,2022-10-18,fl:ju_ln:montojo-1,fl:ju_ln:montojo-1,1
11476984,10399689,2022-10-18,2019-09-03,fl:ju_ln:montojo-1,fl:br_ln:rhone-1,0
11470956,10399201,2022-10-18,2019-09-03,fl:ra_ln:bajaj-1,fl:ra_ln:bajaj-1,1
11470956,10465474,2022-10-18,2019-11-05,fl:ra_ln:bajaj-1,fl:ma_ln:coffin-1,0
11477743,10405348,2022-10-18,2019-09-03,fl:mu_ln:islam-1,fl:mu_ln:islam-1,1
11477743,10405214,2022-10-18,2019-09-03,fl:mu_ln:islam-1,fl:at_ln:nakajima-5,0
10446841,10396331,2019-10-15,2019-08-27,fl:no_ln:takami-9,fl:no_ln:takami-9,1
10446841,11476370,2019-10-15,2022-10-18,fl:no_ln:takami-9,fl:wi_ln:chau-2,0
10466425,10399011,2019-11-05,2019-09-03,fl:le_ln:liu-31,fl:le_ln:liu-31,1
10466425,10465384,2019-11-05,2019-11-05,fl:le_ln:liu-31,fl:br_ln:bogh-1,0
10395717,10446502,2019-08-27,2019-10-15,fl:um_ln:divincenzo-1,fl:um_ln:divincenzo-1,1
10395717,10402112,2019-08-27,2019-09-03,fl:um_ln:divincenzo-1,fl:sh_ln:li-565,0
10403381,10403635,2019-09-03,2019-09-03,fl:hi_ln:aochi-1,fl:hi_ln:aochi-1,1
10403381,10467468,2019-09-03,2019-11-05,fl:hi_ln:aochi-1,fl:to_ln:ward-5,0
10469271,10404478,2019-11-05,2019-09-03,fl:ch_ln:hung-304,fl:ch_ln:hung-304,1
10469271,10468329,2019-11-05,2019-11-05,fl:ch_ln:hung-304,fl:ge_ln:maxim-1,0
10447559,10468014,2019-10-15,2019-11-05,fl:ab_ln:benkreira-1,fl:ab_ln:benkreira-1,1
10447559,10399201,2019-10-15,2019-09-03,fl:ab_ln:benkreira-1,fl:ma_ln:yamamura-1,0
10401017,11476539,2019-09-03,2022-10-18,fl:ma_ln:olsson-21,fl:ma_ln:olsson-21,1
10401017,10469629,2019-09-03,2019-11-05,fl:ma_ln:olsson-21,fl:ch_ln:tayal-1,0
10397817,10447456,2019-08-27,2019-10-15,fl:ma_ln:jung-19,fl:ma_ln:jung-19,1
10397817,11476036,2019-08-27,2022-10-18,fl:ma_ln:jung-19,fl:yo_ln:yoshioka-8,0
10405348,10448380,2019-09-03,2019-10-15,fl:mu_ln:islam-1,fl:mu_ln:islam-1,1
10405348,10401744,2019-09-03,2019-09-03,fl:mu_ln:islam-1,fl:ko_ln:sentoku-1,0
10446319,10468194,2019-10-15,2019-11-05,fl:yo_ln:ahn-14,fl:yo_ln:ahn-14,1
10446319,10443399,2019-10-15,2019-10-15,fl:yo_ln:ahn-14,fl:ad_ln:fredmonski-1,0
10392009,11476832,2019-08-27,2022-10-18,fl:se_ln:park-369,fl:se_ln:park-369,1
10392009,10392636,2019-08-27,2019-08-27,fl:se_ln:park-369,fl:be_ln:caulier-1,0
11471260,10441403,2022-10-18,2019-10-15,fl:ma_ln:macewan-1,fl:ma_ln:macewan-1,1
11471260,10394412,2022-10-18,2019-08-27,fl:ma_ln:macewan-1,fl:jo_ln:brock-16,0
10391281,10391280,2019-08-27,2019-08-27,fl:th_ln:le-46,fl:th_ln:le-46,1
10391281,10445589,2019-08-27,2019-10-15,fl:th_ln:le-46,fl:ia_ln:westmacott-1,0
10469049,10469051,2019-11-05,2019-11-05,fl:sh_ln:taniguchi-12,fl:sh_ln:taniguchi-12,1
10469049,10442105,2019-11-05,2019-10-15,fl:sh_ln:taniguchi-12,fl:ta_ln:tozuka-1,0
10445234,10445250,2019-10-15,2019-10-15,fl:si_ln:steely-1,fl:si_ln:steely-1,1
10445234,10463850,2019-10-15,2019-11-05,fl:si_ln:steely-1,fl:jo_ln:gordon-33,0
10391281,10391280,2019-08-27,2019-08-27,fl:er_ln:bulman-1,fl:er_ln:bulman-1,1
10391281,10469926,2019-08-27,2019-11-05,fl:er_ln:bulman-1,fl:ch_ln:prendergast-1,0
11476439,11476311,2022-10-18,2022-10-18,fl:yo_ln:cho-301,fl:yo_ln:cho-301,1
11476439,10403135,2022-10-18,2019-09-03,fl:yo_ln:cho-301,fl:ra_ln:rosales-1,0
10402408,11475320,2019-09-03,2022-10-18,fl:ch_ln:mullins-12,fl:ch_ln:mullins-12,1
10402408,10470147,2019-09-03,2019-11-05,fl:ch_ln:mullins-12,fl:hy_ln:lee-710,0
10392046,10391542,2019-08-27,2019-08-27,fl:no_ln:hagiwara-10,fl:no_ln:hagiwara-10,1
10392046,11475616,2019-08-27,2022-10-18,fl:no_ln:hagiwara-10,fl:ta_ln:lee-303,0
11475674,11475656,2022-10-18,2022-10-18,fl:sh_ln:mirza-1,fl:sh_ln:mirza-1,1
11475674,10400452,2022-10-18,2019-09-03,fl:sh_ln:mirza-1,fl:la_ln:gollob-1,0
10463926,10463925,2019-11-05,2019-11-05,fl:kr_ln:willett-1,fl:kr_ln:willett-1,1
10463926,10400123,2019-11-05,2019-09-03,fl:kr_ln:willett-1,fl:su_ln:vasudevan-3,0
10405295,10469286,2019-09-03,2019-11-05,fl:ve_ln:shaw-2,fl:ve_ln:shaw-2,1
10405295,10404071,2019-09-03,2019-09-03,fl:ve_ln:shaw-2,fl:jo_ln:vogel-4,0
10403613,10403611,2019-09-03,2019-09-03,fl:hi_ln:ong-2,fl:hi_ln:ong-2,1
10403613,10463435,2019-09-03,2019-11-05,fl:hi_ln:ong-2,fl:ed_ln:saget-1,0
10400542,11473392,2019-09-03,2022-10-18,fl:ri_ln:vasques-1,fl:ri_ln:vasques-1,1
10400542,10399997,2019-09-03,2019-09-03,fl:ri_ln:vasques-1,fl:an_ln:small-1,0
10404344,10445107,2019-09-03,2019-10-15,fl:sh_ln:sun-135,fl:sh_ln:sun-135,1
10404344,10395659,2019-09-03,2019-08-27,fl:sh_ln:sun-135,fl:yo_ln:kim-242,0
10446566,10446577,2019-10-15,2019-10-15,fl:ku_ln:parekh-1,fl:ku_ln:parekh-1,1
10446566,10464062,2019-10-15,2019-11-05,fl:ku_ln:parekh-1,fl:mi_ln:chiang-84,0
11476982,10448351,2022-10-18,2019-10-15,fl:pe_ln:gaal-1,fl:pe_ln:gaal-1,1
11476982,11473821,2022-10-18,2022-10-18,fl:pe_ln:gaal-1,fl:ma_ln:wada-37,0
10463150,10398226,2019-11-05,2019-09-03,fl:sh_ln:yang-112,fl:sh_ln:yang-112,1
10463150,11473829,2019-11-05,2022-10-18,fl:sh_ln:yang-112,fl:mi_ln:wang-243,0
10397353,10397275,2019-08-27,2019-08-27,fl:an_ln:sengupta-8,fl:an_ln:sengupta-8,1
10397353,10447354,2019-08-27,2019-10-15,fl:an_ln:sengupta-8,fl:ch_ln:he-117,0
10470198,10448404,2019-11-05,2019-10-15,fl:ra_ln:pragada-1,fl:ra_ln:pragada-1,1
10470198,11473279,2019-11-05,2022-10-18,fl:ra_ln:pragada-1,fl:ya_ln:lu-76,0
10395080,10395989,2019-08-27,2019-08-27,fl:ch_ln:lee-2308,fl:ch_ln:lee-2308,1
10395080,11477238,2019-08-27,2022-10-18,fl:ch_ln:lee-2308,fl:ti_ln:hinrichs-1,0
10397755,11477836,2019-08-27,2022-10-18,fl:ta_ln:kim-419,fl:ta_ln:kim-419,1
10397755,10468854,2019-08-27,2019-11-05,fl:ta_ln:kim-419,fl:gr_ln:fish-1,0
10444108,10466132,2019-10-15,2019-11-05,fl:ch_ln:rella-2,fl:ch_ln:rella-2,1
10444108,10463421,2019-10-15,2019-11-05,fl:ch_ln:rella-2,fl:jo_ln:sarley-1,0
10464991,10442844,2019-11-05,2019-10-15,fl:ha_ln:singh-7,fl:ha_ln:singh-7,1
10464991,11474282,2019-11-05,2022-10-18,fl:ha_ln:singh-7,fl:ha_ln:atikian-1,0
10469151,10447443,2019-11-05,2019-10-15,fl:ji_ln:kang-204,fl:ji_ln:kang-204,1
10469151,10468430,2019-11-05,2019-11-05,fl:ji_ln:kang-204,fl:to_ln:minami-8,0
10445369,10445648,2019-10-15,2019-10-15,fl:ma_ln:sanchez-45,fl:ma_ln:sanchez-45,1
10445369,10398795,2019-10-15,2019-09-03,fl:ma_ln:sanchez-45,fl:ha_ln:shane-1,0
10394374,10468464,2019-08-27,2019-11-05,fl:qi_ln:yao-17,fl:qi_ln:yao-17,1
10394374,11473198,2019-08-27,2022-10-18,fl:qi_ln:yao-17,fl:th_ln:knisley-1,0
11471209,10463887,2022-10-18,2019-11-05,fl:je_ln:messerly-1,fl:je_ln:messerly-1,1
11471209,11474112,2022-10-18,2022-10-18,fl:je_ln:messerly-1,fl:ci_ln:reilly-1,0
10401017,11476851,2019-09-03,2022-10-18,fl:ra_ln:merewether-1,fl:ra_ln:merewether-1,1
10401017,10464254,2019-09-03,2019-11-05,fl:ra_ln:merewether-1,fl:ma_ln:gelli-2,0
10441125,10465825,2019-10-15,2019-11-05,fl:da_ln:petersen-24,fl:da_ln:petersen-24,1
10441125,11476493,2019-10-15,2022-10-18,fl:da_ln:petersen-24,fl:si_ln:mohapatra-2,0
10469286,10405193,2019-11-05,2019-09-03,fl:sa_ln:dowlatkhah-1,fl:sa_ln:dowlatkhah-1,1
10469286,10397275,2019-11-05,2019-08-27,fl:sa_ln:dowlatkhah-1,fl:al_ln:tiagi-1,0
10404998,11477482,2019-09-03,2022-10-18,fl:to_ln:sugio-1,fl:to_ln:sugio-1,1
10404998,10442385,2019-09-03,2019-10-15,fl:to_ln:sugio-1,fl:ha_ln:bartel-1,0
10470241,10405295,2019-11-05,2019-09-03,fl:ve_ln:shaw-2,fl:ve_ln:shaw-2,1
10470241,10443101,2019-11-05,2019-10-15,fl:ve_ln:shaw-2,fl:ti_ln:stemeweiler-1,0
10470198,10448404,2019-11-05,2019-10-15,fl:ra_ln:pragada-1,fl:ra_ln:pragada-1,1
10470198,10469773,2019-11-05,2019-11-05,fl:ra_ln:pragada-1,fl:se_ln:ham-10,0
10446899,10469156,2019-10-15,2019-11-05,fl:gi_ln:vannucci-2,fl:gi_ln:vannucci-2,1
10446899,11472854,2019-10-15,2022-10-18,fl:gi_ln:vannucci-2,fl:ca_ln:foune-1,0
10448351,10470048,2019-10-15,2019-11-05,fl:ta_ln:yoo-59,fl:ta_ln:yoo-59,1
10448351,10446530,2019-10-15,2019-10-15,fl:ta_ln:yoo-59,fl:ru_ln:mortensen-1,0
10397900,11475388,2019-08-27,2022-10-18,fl:hi_ln:adachi-42,fl:hi_ln:adachi-42,1
10397900,10446207,2019-08-27,2019-10-15,fl:hi_ln:adachi-42,fl:sa_ln:kang-15,0
10404217,11476815,2019-09-03,2022-10-18,fl:fl_ln:balteanu-1,fl:fl_ln:balteanu-1,1
10404217,10468960,2019-09-03,2019-11-05,fl:fl_ln:balteanu-1,fl:at_ln:yamamoto-12,0
10397903,10448402,2019-08-27,2019-10-15,fl:su_ln:yang-171,fl:su_ln:yang-171,1
10397903,10402123,2019-08-27,2019-09-03,fl:su_ln:yang-171,fl:su_ln:candelaria-1,0
10394468,10447612,2019-08-27,2019-10-15,fl:an_ln:baptist-1,fl:an_ln:baptist-1,1
10394468,10402316,2019-08-27,2019-09-03,fl:an_ln:baptist-1,fl:iv_ln:tchoub-1,0
10391279,10391281,2019-08-27,2019-08-27,fl:ba_ln:bian-1,fl:ba_ln:bian-1,1
10391279,10391588,2019-08-27,2019-08-27,fl:ba_ln:bian-1,fl:s._ln:hosseini-2,0
10467809,10403049,2019-11-05,2019-09-03,fl:mo_ln:khalid-3,fl:mo_ln:khalid-3,1
10467809,10396317,2019-11-05,2019-08-27,fl:mo_ln:khalid-3,fl:hy_ln:park-281,0
10469150,10404430,2019-11-05,2019-09-03,fl:ji_ln:liu-672,fl:ji_ln:liu-672,1
10469150,10470140,2019-11-05,2019-11-05,fl:ji_ln:liu-672,fl:sr_ln:balasubramanian-4,0
10446793,11477765,2019-10-15,2022-10-18,fl:se_ln:lee-699,fl:se_ln:lee-699,1
10446793,11475820,2019-10-15,2022-10-18,fl:se_ln:lee-699,fl:pa_ln:volkert-1,0
10404404,11476902,2019-09-03,2022-10-18,fl:se_ln:faxer-1,fl:se_ln:faxer-1,1
10404404,11477833,2019-09-03,2022-10-18,fl:se_ln:faxer-1,fl:gy_ln:miklos-2,0
10403905,10448360,2019-09-03,2019-10-15,fl:yu_ln:yang-363,fl:yu_ln:yang-363,1
10403905,10447473,2019-09-03,2019-10-15,fl:yu_ln:yang-363,fl:th_ln:strohm-1,0
11471917,10399236,2022-10-18,2019-09-03,fl:jo_ln:romano-14,fl:jo_ln:romano-14,1
11471917,10441345,2022-10-18,2019-10-15,fl:jo_ln:romano-14,fl:ro_ln:laird-3,0
10447096,10468947,2019-10-15,2019-11-05,fl:ak_ln:daikoku-2,fl:ak_ln:daikoku-2,1
10447096,10442921,2019-10-15,2019-10-15,fl:ak_ln:daikoku-2,fl:fa_ln:sibtain-1,0
10396145,10443046,2019-08-27,2019-10-15,fl:du_ln:ramaswamy-2,fl:du_ln:ramaswamy-2,1
10396145,10398826,2019-08-27,2019-09-03,fl:du_ln:ramaswamy-2,fl:ri_ln:lasher-1,0
10404414,10447304,2019-09-03,2019-10-15,fl:na_ln:hur-3,fl:na_ln:hur-3,1
10404414,10467191,2019-09-03,2019-11-05,fl:na_ln:hur-3,fl:we_ln:yu-127,0
11476434,10396306,2022-10-18,2019-08-27,fl:eu_ln:jang-26,fl:eu_ln:jang-26,1
11476434,10465242,2022-10-18,2019-11-05,fl:eu_ln:jang-26,fl:je_ln:heemstra-1,0
11477477,10448032,2022-10-18,2019-10-15,fl:ma_ln:karczewicz-1,fl:ma_ln:karczewicz-1,1
11477477,10403897,2022-10-18,2019-09-03,fl:ma_ln:karczewicz-1,fl:th_ln:langer-2,0
11475918,11475917,2022-10-18,2022-10-18,fl:ya_ln:kobayashi-27,fl:ya_ln:kobayashi-27,1
11475918,10395479,2022-10-18,2019-08-27,fl:ya_ln:kobayashi-27,fl:ca_ln:ross-24,0
10400364,10400366,2019-09-03,2019-09-03,fl:da_ln:sunshine-2,fl:da_ln:sunshine-2,1
10400364,10442528,2019-09-03,2019-10-15,fl:da_ln:sunshine-2,fl:ol_ln:essinger-1,0
10466803,11474275,2019-11-05,2022-10-18,fl:ma_ln:olsson-21,fl:ma_ln:olsson-21,1
10466803,11471620,2019-11-05,2022-10-18,fl:ma_ln:olsson-21,fl:iv_ln:soriano-1,0
10397908,10448412,2019-08-27,2019-10-15,fl:jo_ln:ahn-99,fl:jo_ln:ahn-99,1
10397908,10469832,2019-08-27,2019-11-05,fl:jo_ln:ahn-99,fl:ni_ln:trail-1,0
10448025,10448011,2019-10-15,2019-10-15,fl:sh_ln:liu-448,fl:sh_ln:liu-448,1
10448025,10399344,2019-10-15,2019-09-03,fl:sh_ln:liu-448,fl:ta_ln:mizutani-35,0
10448423,10470204,2019-10-15,2019-11-05,fl:al_ln:babaei-1,fl:al_ln:babaei-1,1
10448423,11473866,2019-10-15,2022-10-18,fl:al_ln:babaei-1,fl:jo_ln:wilding-2,0
10395977,10403740,2019-08-27,2019-09-03,fl:th_ln:standaert-2,fl:th_ln:standaert-2,1
10395977,10391721,2019-08-27,2019-08-27,fl:th_ln:standaert-2,fl:ma_ln:dragutescu-1,0
11471155,10390828,2022-10-18,2019-08-27,fl:ja_ln:harris-5,fl:ja_ln:harris-5,1
11471155,10393151,2022-10-18,2019-08-27,fl:ja_ln:harris-5,fl:ko_ln:ueda-6,0
10394850,10395180,2019-08-27,2019-08-27,fl:ju_ln:wang-170,fl:ju_ln:wang-170,1
10394850,11476161,2019-08-27,2022-10-18,fl:ju_ln:wang-170,fl:sh_ln:harada-22,0
10444558,10468471,2019-10-15,2019-11-05,fl:xi_ln:chen-393,fl:xi_ln:chen-393,1
10444558,11470870,2019-10-15,2022-10-18,fl:xi_ln:chen-393,fl:me_ln:kristensen-2,0
10396838,11476574,2019-08-27,2022-10-18,fl:am_ln:abdelmonem-1,fl:am_ln:abdelmonem-1,1
10396838,10391307,2019-08-27,2019-08-27,fl:am_ln:abdelmonem-1,fl:pa_ln:karmarkar-1,0
10397618,10448192,2019-08-27,2019-10-15,fl:ke_ln:ugur-2,fl:ke_ln:ugur-2,1
10397618,10403057,2019-08-27,2019-09-03,fl:ke_ln:ugur-2,fl:da_ln:fawcett-3,0
11475832,10396097,2022-10-18,2019-08-27,fl:sh_ln:yamazaki-67,fl:sh_ln:yamazaki-67,1
11475832,10464890,2022-10-18,2019-11-05,fl:sh_ln:yamazaki-67,fl:ta_ln:hitosugi-2,0
11475346,10396973,2022-10-18,2019-08-27,fl:ko_ln:kanda-17,fl:ko_ln:kanda-17,1
11475346,10447612,2022-10-18,2019-10-15,fl:ko_ln:kanda-17,fl:ja_ln:resch-1,0
10403905,10405312,2019-09-03,2019-09-03,fl:yu_ln:yang-363,fl:yu_ln:yang-363,1
10403905,10401675,2019-09-03,2019-09-03,fl:yu_ln:yang-363,fl:he_ln:lee-141,0
10470108,11477836,2019-11-05,2022-10-18,fl:ta_ln:kim-419,fl:ta_ln:kim-419,1
10470108,11471858,2019-11-05,2022-10-18,fl:ta_ln:kim-419,fl:mu_ln:ashraf-8,0
10469830,10445846,2019-11-05,2019-10-15,fl:lo_ln:wood-13,fl:lo_ln:wood-13,1
10469830,10468425,2019-11-05,2019-11-05,fl:lo_ln:wood-13,fl:an_ln:richelli-2,0
10395857,10396688,2019-08-27,2019-08-27,fl:an_ln:jaap-1,fl:an_ln:jaap-1,1
10395857,10390986,2019-08-27,2019-08-27,fl:an_ln:jaap-1,fl:cl_ln:pickover-2,0
10448470,10396666,2019-10-15,2019-08-27,fl:li_ln:fang-50,fl:li_ln:fang-50,1
10448470,10448400,2019-10-15,2019-10-15,fl:li_ln:fang-50,fl:sa_ln:ro-4,0
10441888,10396741,2019-10-15,2019-08-27,fl:ri_ln:kulavik-1,fl:ri_ln:kulavik-1,1
10441888,10442780,2019-10-15,2019-10-15,fl:ri_ln:kulavik-1,fl:ja_ln:longmire-2,0
10394737,10445278,2019-08-27,2019-10-15,fl:ke_ln:duwel-1,fl:ke_ln:duwel-1,1
10394737,11471076,2019-08-27,2022-10-18,fl:ke_ln:duwel-1,fl:jo_ln:hicks-5,0
10447443,10469151,2019-10-15,2019-11-05,fl:he_ln:kim-346,fl:he_ln:kim-346,1
10447443,10399363,2019-10-15,2019-09-03,fl:he_ln:kim-346,fl:yu_ln:imanaga-1,0
10446688,11474366,2019-10-15,2022-10-18,fl:ye_ln:chen-94,fl:ye_ln:chen-94,1
10446688,10467037,2019-10-15,2019-11-05,fl:ye_ln:chen-94,fl:kw_ln:choi-123,0
10443180,10447776,2019-10-15,2019-10-15,fl:se_ln:lee-574,fl:se_ln:lee-574,1
10443180,10394080,2019-10-15,2019-08-27,fl:se_ln:lee-574,fl:pa_ln:hsieh-4,0
10401631,10445577,2019-09-03,2019-10-15,fl:yo_ln:seo-123,fl:yo_ln:seo-123,1
10401631,10396959,2019-09-03,2019-08-27,fl:yo_ln:seo-123,fl:ju_ln:cezanne-1,0
11477519,10397703,2022-10-18,2019-08-27,fl:ka_ln:yoshizawa-7,fl:ka_ln:yoshizawa-7,1
11477519,10463667,2022-10-18,2019-11-05,fl:ka_ln:yoshizawa-7,fl:ar_ln:arvanitis-4,0
10470185,10469210,2019-11-05,2019-11-05,fl:hu_ln:lou-5,fl:hu_ln:lou-5,1
10470185,10396900,2019-11-05,2019-08-27,fl:hu_ln:lou-5,fl:ta_ln:hoshida-1,0
11474531,10464064,2022-10-18,2019-11-05,fl:jo_ln:wikswo-2,fl:jo_ln:wikswo-2,1
11474531,10404277,2022-10-18,2019-09-03,fl:jo_ln:wikswo-2,fl:da_ln:bruck-1,0
10395977,10395985,2019-08-27,2019-08-27,fl:la_ln:clevenger-2,fl:la_ln:clevenger-2,1
10395977,10392536,2019-08-27,2019-08-27,fl:la_ln:clevenger-2,fl:hy_ln:yoo-50,0
10402927,10445799,2019-09-03,2019-10-15,fl:jo_ln:rinaldo-2,fl:jo_ln:rinaldo-2,1
10402927,10446821,2019-09-03,2019-10-15,fl:jo_ln:rinaldo-2,fl:na_ln:yamada-12,0
10395094,10447603,2019-08-27,2019-10-15,fl:hu_ln:ni-9,fl:hu_ln:ni-9,1
10395094,11475677,2019-08-27,2022-10-18,fl:hu_ln:ni-9,fl:av_ln:avidan-1,0
10445066,11475167,2019-10-15,2022-10-18,fl:jo_ln:bradbury-4,fl:jo_ln:bradbury-4,1
10445066,11475850,2019-10-15,2022-10-18,fl:jo_ln:bradbury-4,fl:jo_ln:park-546,0
10402010,10394067,2019-09-03,2019-08-27,fl:ha_ln:kurasawa-1,fl:ha_ln:kurasawa-1,1
10402010,10398533,2019-09-03,2019-09-03,fl:ha_ln:kurasawa-1,fl:il_ln:lucca-1,0
11477656,10405320,2022-10-18,2019-09-03,fl:yo_ln:zhao-70,fl:yo_ln:zhao-70,1
11477656,11476237,2022-10-18,2022-10-18,fl:yo_ln:zhao-70,fl:ch_ln:lee-2365,0
10396306,11476434,2019-08-27,2022-10-18,fl:su_ln:kim-153,fl:su_ln:kim-153,1
10396306,10447991,2019-08-27,2019-10-15,fl:su_ln:kim-153,fl:jo_ln:santos-18,0
10448548,10405469,2019-10-15,2019-09-03,fl:ry_ln:eguchi-1,fl:ry_ln:eguchi-1,1
10448548,10463720,2019-10-15,2019-11-05,fl:ry_ln:eguchi-1,fl:ke_ln:um-2,0
10395332,10467704,2019-08-27,2019-11-05,fl:sc_ln:christensen-3,fl:sc_ln:christensen-3,1
10395332,10445766,2019-08-27,2019-10-15,fl:sc_ln:christensen-3,fl:gr_ln:collison-1,0
10448367,10469302,2019-10-15,2019-11-05,fl:ji_ln:choi-161,fl:ji_ln:choi-161,1
10448367,10445200,2019-10-15,2019-10-15,fl:ji_ln:choi-161,fl:ji_ln:park-50,0
10467311,10390687,2019-11-05,2019-08-27,fl:jo_ln:lee-182,fl:jo_ln:lee-182,1
10467311,10468053,2019-11-05,2019-11-05,fl:jo_ln:lee-182,fl:ed_ln:huitema-1,0
10470206,10394357,2019-11-05,2019-08-27,fl:yi_ln:sun-51,fl:yi_ln:sun-51,1
10470206,10470134,2019-11-05,2019-11-05,fl:yi_ln:sun-51,fl:bo_ln:chun-5,0
10396126,10396200,2019-08-27,2019-08-27,fl:so_ln:seo-5,fl:so_ln:seo-5,1
10396126,11477762,2019-08-27,2022-10-18,fl:so_ln:seo-5,fl:ky_ln:park-392,0
10441887,10441888,2019-10-15,2019-10-15,fl:ri_ln:kulavik-1,fl:ri_ln:kulavik-1,1
10441887,11476386,2019-10-15,2022-10-18,fl:ri_ln:kulavik-1,fl:ro_ln:armitage-2,0
10441124,10465825,2019-10-15,2019-11-05,fl:da_ln:petersen-24,fl:da_ln:petersen-24,1
10441124,10443079,2019-10-15,2019-10-15,fl:da_ln:petersen-24,fl:al_ln:green-4,0
10401662,10448531,2019-09-03,2019-10-15,fl:yo_ln:hirakata-4,fl:yo_ln:hirakata-4,1
10401662,10448325,2019-09-03,2019-10-15,fl:yo_ln:hirakata-4,fl:ky_ln:lee-526,0
10403641,10403638,2019-09-03,2019-09-03,fl:ja_ln:ahn-14,fl:ja_ln:ahn-14,1
10403641,10466665,2019-09-03,2019-11-05,fl:ja_ln:ahn-14,fl:ch_ln:walden-3,0
11476304,10396125,2022-10-18,2019-08-27,fl:fa_ln:pellizzer-1,fl:fa_ln:pellizzer-1,1
11476304,10397395,2022-10-18,2019-08-27,fl:fa_ln:pellizzer-1,fl:su_ln:subramanian-5,0
10448346,10397904,2019-10-15,2019-08-27,fl:mu_ln:islam-1,fl:mu_ln:islam-1,1
10448346,10447851,2019-10-15,2019-10-15,fl:mu_ln:islam-1,fl:ma_ln:krishnamoorthy-3,0
10445271,11474879,2019-10-15,2022-10-18,fl:an_ln:cunningham-7,fl:an_ln:cunningham-7,1
10445271,10468457,2019-10-15,2019-11-05,fl:an_ln:cunningham-7,fl:ka_ln:yamane-2,0
11475638,10468014,2022-10-18,2019-11-05,fl:mi_ln:mossoba-1,fl:mi_ln:mossoba-1,1
11475638,10444311,2022-10-18,2019-10-15,fl:mi_ln:mossoba-1,fl:ne_ln:parikh-7,0
10470139,10397824,2019-11-05,2019-08-27,fl:se_ln:yi-35,fl:se_ln:yi-35,1
10470139,11471532,2019-11-05,2022-10-18,fl:se_ln:yi-35,fl:ma_ln:mann-8,0
11477699,11477800,2022-10-18,2022-10-18,fl:ya_ln:zhou-47,fl:ya_ln:zhou-47,1
11477699,10394219,2022-10-18,2019-08-27,fl:ya_ln:zhou-47,fl:ak_ln:kanemaru-1,0
10466394,10466486,2019-11-05,2019-11-05,fl:mi_ln:klug-2,fl:mi_ln:klug-2,1
10466394,10465276,2019-11-05,2019-11-05,fl:mi_ln:klug-2,fl:sa_ln:eichfeld-1,0
11472187,10399349,2022-10-18,2019-09-03,fl:yo_ln:osakabe-3,fl:yo_ln:osakabe-3,1
11472187,10404147,2022-10-18,2019-09-03,fl:yo_ln:osakabe-3,fl:ko_ln:chong-6,0
10468106,10468110,2019-11-05,2019-11-05,fl:he_ln:lee-223,fl:he_ln:lee-223,1
10468106,10470317,2019-11-05,2019-11-05,fl:he_ln:lee-223,fl:ch_ln:chang-767,0
11474315,10444444,2022-10-18,2019-10-15,fl:ka_ln:takano-19,fl:ka_ln:takano-19,1
11474315,10399841,2022-10-18,2019-09-03,fl:ka_ln:takano-19,fl:wa_ln:alpert-1,0
10469758,11475641,2019-11-05,2022-10-18,fl:ra_ln:price-4,fl:ra_ln:price-4,1
10469758,10395820,2019-11-05,2019-08-27,fl:ra_ln:price-4,fl:ke_ln:nogi-1,0
10443031,10443074,2019-10-15,2019-10-15,fl:do_ln:masquelier-3,fl:do_ln:masquelier-3,1
10443031,10468468,2019-10-15,2019-11-05,fl:do_ln:masquelier-3,fl:se_ln:jeon-135,0
10448351,10470112,2019-10-15,2019-11-05,fl:du_ln:malladi-1,fl:du_ln:malladi-1,1
10448351,10395544,2019-10-15,2019-08-27,fl:du_ln:malladi-1,fl:va_ln:raghavan-2,0
11477703,10448339,2022-10-18,2019-10-15,fl:yi_ln:li-324,fl:yi_ln:li-324,1
11477703,10401777,2022-10-18,2019-09-03,fl:yi_ln:li-324,fl:na_ln:kanno-4,0
10467176,11474505,2019-11-05,2022-10-18,fl:mi_ln:okada-29,fl:mi_ln:okada-29,1
10467176,10397938,2019-11-05,2019-08-27,fl:mi_ln:okada-29,fl:su_ln:yang-171,0
11474208,10401950,2022-10-18,2019-09-03,fl:se_ln:han-161,fl:se_ln:han-161,1
11474208,10391146,2022-10-18,2019-08-27,fl:se_ln:han-161,fl:mi_ln:mitchell-21,0
10466791,10401961,2019-11-05,2019-09-03,fl:ju_ln:cruzhernandez-1,fl:ju_ln:cruzhernandez-1,1
10466791,10395068,2019-11-05,2019-08-27,fl:ju_ln:cruzhernandez-1,fl:st_ln:ko-4,0
10466803,11474275,2019-11-05,2022-10-18,fl:ra_ln:merewether-1,fl:ra_ln:merewether-1,1
10466803,11477222,2019-11-05,2022-10-18,fl:ra_ln:merewether-1,fl:ma_ln:dunn-12,0
10404420,11476985,2019-09-03,2022-10-18,fl:jo_ln:cho-114,fl:jo_ln:cho-114,1
10404420,10396905,2019-09-03,2019-08-27,fl:jo_ln:cho-114,fl:da_ln:wetmore-2,0
10397560,10401626,2019-08-27,2019-09-03,fl:ak_ln:komatsu-2,fl:ak_ln:komatsu-2,1
10397560,10394357,2019-08-27,2019-08-27,fl:ak_ln:komatsu-2,fl:zo_ln:zou-5,0
10404823,11475092,2019-09-03,2022-10-18,fl:jo_ln:lutz-3,fl:jo_ln:lutz-3,1
10404823,10396410,2019-09-03,2019-08-27,fl:jo_ln:lutz-3,fl:pe_ln:tutzer-1,0
10394986,10469869,2019-08-27,2019-11-05,fl:xi_ln:zhao-248,fl:xi_ln:zhao-248,1
10394986,10468614,2019-08-27,2019-11-05,fl:xi_ln:zhao-248,fl:na_ln:yamada-20,0
10464991,10464990,2019-11-05,2019-11-05,fl:an_ln:mahr-1,fl:an_ln:mahr-1,1
10464991,11475566,2019-11-05,2022-10-18,fl:an_ln:mahr-1,fl:be_ln:dogdas-1,0
10447725,10404517,2019-10-15,2019-09-03,fl:ya_ln:sun-70,fl:ya_ln:sun-70,1
10447725,10392711,2019-10-15,2019-08-27,fl:ya_ln:sun-70,fl:kh_ln:alqahtani-1,0
10400278,10465240,2019-09-03,2019-11-05,fl:ro_ln:chen-14,fl:ro_ln:chen-14,1
10400278,10464088,2019-09-03,2019-11-05,fl:ro_ln:chen-14,fl:th_ln:kasting-1,0
11476826,11476833,2022-10-18,2022-10-18,fl:su_ln:lee-79,fl:su_ln:lee-79,1
11476826,10468471,2022-10-18,2019-11-05,fl:su_ln:lee-79,fl:xi_ln:niu-27,0
10391800,10442199,2019-08-27,2019-10-15,fl:hi_ln:hayashi-58,fl:hi_ln:hayashi-58,1
10391800,11474151,2019-08-27,2022-10-18,fl:hi_ln:hayashi-58,fl:pr_ln:viswanathanpillai-1,0
10470240,10469189,2019-11-05,2019-11-05,fl:su_ln:hong-238,fl:su_ln:hong-238,1
10470240,10442829,2019-11-05,2019-10-15,fl:su_ln:hong-238,fl:ro_ln:duguid-1,0
10469185,10448351,2019-11-05,2019-10-15,fl:yo_ln:wei-40,fl:yo_ln:wei-40,1
10469185,10468264,2019-11-05,2019-11-05,fl:yo_ln:wei-40,fl:gy_ln:park-18,0
10404361,10404343,2019-09-03,2019-09-03,fl:mu_ln:islam-1,fl:mu_ln:islam-1,1
10404361,10395657,2019-09-03,2019-08-27,fl:mu_ln:islam-1,fl:he_ln:lee-35,0
10467119,10402253,2019-11-05,2019-09-03,fl:na_ln:grigoryan-1,fl:na_ln:grigoryan-1,1
10467119,11471427,2019-11-05,2022-10-18,fl:na_ln:grigoryan-1,fl:mi_ln:allio-1,0
10398048,10397580,2019-08-27,2019-08-27,fl:yo_ln:jeon-181,fl:yo_ln:jeon-181,1
10398048,10446644,2019-08-27,2019-10-15,fl:yo_ln:jeon-181,fl:re_ln:camillocastillo-1,0
11472022,10399236,2022-10-18,2019-09-03,fl:ky_ln:maroney-1,fl:ky_ln:maroney-1,1
11472022,10467958,2022-10-18,2019-11-05,fl:ky_ln:maroney-1,fl:hy_ln:park-94,0
11474713,10443090,2022-10-18,2019-10-15,fl:da_ln:kim-128,fl:da_ln:kim-128,1
11474713,10397179,2022-10-18,2019-08-27,fl:da_ln:kim-128,fl:ra_ln:jayant-2,0
10390952,10463488,2019-08-27,2019-11-05,fl:bo_ln:harari-1,fl:bo_ln:harari-1,1
10390952,10446664,2019-08-27,2019-10-15,fl:bo_ln:harari-1,fl:ka_ln:cheng-38,0
11477463,11477449,2022-10-18,2022-10-18,fl:li_ln:zhang-287,fl:li_ln:zhang-287,1
11477463,10464517,2022-10-18,2019-11-05,fl:li_ln:zhang-287,fl:yu_ln:kobayashi-52,0
10445485,10466830,2019-10-15,2019-11-05,fl:yo_ln:jeon-179,fl:yo_ln:jeon-179,1
10445485,11473847,2019-10-15,2022-10-18,fl:yo_ln:jeon-179,fl:ke_ln:hirata-14,0
11477317,11477512,2022-10-18,2022-10-18,fl:er_ln:tseng-6,fl:er_ln:tseng-6,1
11477317,10466425,2022-10-18,2019-11-05,fl:er_ln:tseng-6,fl:le_ln:liu-31,0
10396094,10397833,2019-08-27,2019-08-27,fl:ho_ln:kim-400,fl:ho_ln:kim-400,1
10396094,10445629,2019-08-27,2019-10-15,fl:ho_ln:kim-400,fl:ir_ln:singh-1,0
11477138,11477116,2022-10-18,2022-10-18,fl:pr_ln:dutta-7,fl:pr_ln:dutta-7,1
11477138,10398713,2022-10-18,2019-09-03,fl:pr_ln:dutta-7,fl:da_ln:lyon-9,0
10448516,10446470,2019-10-15,2019-10-15,fl:ju_ln:costa-2,fl:ju_ln:costa-2,1
10448516,11476959,2019-10-15,2022-10-18,fl:ju_ln:costa-2,fl:ri_ln:jana-2,0
11476998,10469298,2022-10-18,2019-11-05,fl:al_ln:manolakos-1,fl:al_ln:manolakos-1,1
11476998,10443782,2022-10-18,2019-10-15,fl:al_ln:manolakos-1,fl:ri_ln:kahn-4,0
10401641,10397548,2019-09-03,2019-08-27,fl:ch_ln:weng-17,fl:ch_ln:weng-17,1
10401641,11472858,2019-09-03,2022-10-18,fl:ch_ln:weng-17,fl:li_ln:zhang-277,0
10395995,10396183,2019-08-27,2019-08-27,fl:ch_ln:yeh-116,fl:ch_ln:yeh-116,1
10395995,11476387,2019-08-27,2022-10-18,fl:ch_ln:yeh-116,fl:ew_ln:lucow-1,0
10445724,10469646,2019-10-15,2019-11-05,fl:bo_ln:choi-106,fl:bo_ln:choi-106,1
10445724,10469821,2019-10-15,2019-11-05,fl:bo_ln:choi-106,fl:ho_ln:chou-11,0
10469144,10396940,2019-11-05,2019-08-27,fl:sa_ln:nammi-1,fl:sa_ln:nammi-1,1
10469144,11476376,2019-11-05,2022-10-18,fl:sa_ln:nammi-1,fl:gr_ln:vawter-1,0
10402365,10467154,2019-09-03,2019-11-05,fl:la_ln:mishra-6,fl:la_ln:mishra-6,1
10402365,11477906,2019-09-03,2022-10-18,fl:la_ln:mishra-6,fl:ch_ln:hu-70,0
10405145,10469217,2019-09-03,2019-11-05,fl:st_ln:edge-3,fl:st_ln:edge-3,1
10405145,10463446,2019-09-03,2019-11-05,fl:st_ln:edge-3,fl:ri_ln:davis-23,0
10469373,10405160,2019-11-05,2019-09-03,fl:li_ln:dong-34,fl:li_ln:dong-34,1
10469373,10448368,2019-11-05,2019-10-15,fl:li_ln:dong-34,fl:al_ln:bayesteh-1,0
10395239,10395648,2019-08-27,2019-08-27,fl:mi_ln:mossoba-1,fl:mi_ln:mossoba-1,1
10395239,10446106,2019-08-27,2019-10-15,fl:mi_ln:mossoba-1,fl:ta_ln:im-13,0
10470071,10465895,2019-11-05,2019-11-05,fl:hi_ln:matsuo-39,fl:hi_ln:matsuo-39,1
10470071,11471588,2019-11-05,2022-10-18,fl:hi_ln:matsuo-39,fl:ki_ln:levy-1,0
10405160,10404811,2019-09-03,2019-09-03,fl:li_ln:dong-34,fl:li_ln:dong-34,1
10405160,10469417,2019-09-03,2019-11-05,fl:li_ln:dong-34,fl:ro_ln:wong-24,0
10391279,10391281,2019-08-27,2019-08-27,fl:ti_ln:geiser-3,fl:ti_ln:geiser-3,1
10391279,10391807,2019-08-27,2019-08-27,fl:ti_ln:geiser-3,fl:an_ln:leopold-2,0
10396968,10404427,2019-08-27,2019-09-03,fl:sa_ln:kim-450,fl:sa_ln:kim-450,1
10396968,10403603,2019-08-27,2019-09-03,fl:sa_ln:kim-450,fl:se_ln:park-367,0
10391798,10391797,2019-08-27,2019-08-27,fl:ke_ln:tanabe-7,fl:ke_ln:tanabe-7,1
10391798,10395716,2019-08-27,2019-08-27,fl:ke_ln:tanabe-7,fl:ch_ln:kawamura-7,0
10469830,10395672,2019-11-05,2019-08-27,fl:ro_ln:levien-2,fl:ro_ln:levien-2,1
10469830,10443324,2019-11-05,2019-10-15,fl:ro_ln:levien-2,fl:te_ln:lim-32,0
11477764,10447596,2022-10-18,2019-10-15,fl:ka_ln:gulati-1,fl:ka_ln:gulati-1,1
11477764,11477519,2022-10-18,2022-10-18,fl:ka_ln:gulati-1,fl:ta_ln:shimizu-47,0
10470347,10405469,2019-11-05,2019-09-03,fl:ry_ln:eguchi-1,fl:ry_ln:eguchi-1,1
10470347,10446646,2019-11-05,2019-10-15,fl:ry_ln:eguchi-1,fl:ye_ln:yeo-1,0
11477836,10448279,2022-10-18,2019-10-15,fl:ja_ln:lee-803,fl:ja_ln:lee-803,1
11477836,10397762,2022-10-18,2019-08-27,fl:ja_ln:lee-803,fl:ro_ln:zakrzewski-1,0
10469180,10405200,2019-11-05,2019-09-03,fl:ry_ln:sawai-2,fl:ry_ln:sawai-2,1
10469180,10394006,2019-11-05,2019-08-27,fl:ry_ln:sawai-2,fl:ju_ln:ko-40,0
10448015,11477457,2019-10-15,2022-10-18,fl:ju_ln:nam-38,fl:ju_ln:nam-38,1
10448015,11477366,2019-10-15,2022-10-18,fl:ju_ln:nam-38,fl:je_ln:voss-8,0
11474213,11474214,2022-10-18,2022-10-18,fl:ig_ln:polishchuk-1,fl:ig_ln:polishchuk-1,1
11474213,11477130,2022-10-18,2022-10-18,fl:ig_ln:polishchuk-1,fl:fa_ln:wang-56,0
11471464,10463634,2022-10-18,2019-11-05,fl:he_ln:tabuteau-1,fl:he_ln:tabuteau-1,1
11471464,10401687,2022-10-18,2019-09-03,fl:he_ln:tabuteau-1,fl:ch_ln:matsui-3,0
10446669,11476166,2019-10-15,2022-10-18,fl:sa_ln:yeong-1,fl:sa_ln:yeong-1,1
10446669,11470819,2019-10-15,2022-10-18,fl:sa_ln:yeong-1,fl:br_ln:weston-6,0
10394744,10402123,2019-08-27,2019-09-03,fl:sc_ln:compton-2,fl:sc_ln:compton-2,1
10394744,10402146,2019-08-27,2019-09-03,fl:sc_ln:compton-2,fl:se_ln:lee-723,0
10463109,10390589,2019-11-05,2019-08-27,fl:su_ln:schneider-3,fl:su_ln:schneider-3,1
10463109,10443078,2019-11-05,2019-10-15,fl:su_ln:schneider-3,fl:su_ln:lee-362,0
11476982,10405299,2022-10-18,2019-09-03,fl:al_ln:ricoalvarino-2,fl:al_ln:ricoalvarino-2,1
11476982,11476098,2022-10-18,2022-10-18,fl:al_ln:ricoalvarino-2,fl:pa_ln:mcnally-3,0
10469207,10467776,2019-11-05,2019-11-05,fl:bi_ln:li-84,fl:bi_ln:li-84,1
10469207,10470046,2019-11-05,2019-11-05,fl:bi_ln:li-84,fl:gu_ln:zhou-85,0
11476352,10468501,2022-10-18,2019-11-05,fl:zi_ln:fang-14,fl:zi_ln:fang-14,1
11476352,11475207,2022-10-18,2022-10-18,fl:zi_ln:fang-14,fl:sh_ln:mallick-3,0
10467183,10445250,2019-11-05,2019-10-15,fl:si_ln:steely-1,fl:si_ln:steely-1,1
10467183,10468419,2019-11-05,2019-11-05,fl:si_ln:steely-1,fl:jh_ln:liaw-1,0
10404513,10469302,2019-09-03,2019-11-05,fl:ji_ln:choi-161,fl:ji_ln:choi-161,1
10404513,10465408,2019-09-03,2019-11-05,fl:ji_ln:choi-161,fl:er_ln:garcia-6,0
10469154,10404412,2019-11-05,2019-09-03,fl:ja_ln:lee-803,fl:ja_ln:lee-803,1
10469154,10446840,2019-11-05,2019-10-15,fl:ja_ln:lee-803,fl:ch_ln:zhi-5,0
10396075,10468503,2019-08-27,2019-11-05,fl:ka_ln:balakrishnan-2,fl:ka_ln:balakrishnan-2,1
10396075,10402221,2019-08-27,2019-09-03,fl:ka_ln:balakrishnan-2,fl:vi_ln:lipsio-1,0
10402663,10395117,2019-09-03,2019-08-27,fl:sh_ln:liu-357,fl:sh_ln:liu-357,1
10402663,10404300,2019-09-03,2019-09-03,fl:sh_ln:liu-357,fl:ge_ln:ginis-1,0
10401348,10390984,2019-09-03,2019-08-27,fl:gh_ln:kassab-1,fl:gh_ln:kassab-1,1
10401348,10468943,2019-09-03,2019-11-05,fl:gh_ln:kassab-1,fl:io_ln:godri-1,0
10396038,11476198,2019-08-27,2022-10-18,fl:ja_ln:kong-2,fl:ja_ln:kong-2,1
10396038,11471677,2019-08-27,2022-10-18,fl:ja_ln:kong-2,fl:je_ln:ollerenshaw-1,0
10469282,10395332,2019-11-05,2019-08-27,fl:sc_ln:farris-1,fl:sc_ln:farris-1,1
10469282,10467262,2019-11-05,2019-11-05,fl:sc_ln:farris-1,fl:sa_ln:podder-1,0
10402408,11477140,2019-09-03,2022-10-18,fl:jo_ln:taylor-26,fl:jo_ln:taylor-26,1
10402408,10396436,2019-09-03,2019-08-27,fl:jo_ln:taylor-26,fl:ke_ln:long-18,0
10396761,10447248,2019-08-27,2019-10-15,fl:mi_ln:kim-142,fl:mi_ln:kim-142,1
10396761,10466206,2019-08-27,2019-11-05,fl:mi_ln:kim-142,fl:gl_ln:light-1,0
10393542,10393543,2019-08-27,2019-08-27,fl:da_ln:hakim-2,fl:da_ln:hakim-2,1
10393542,11473154,2019-08-27,2022-10-18,fl:da_ln:hakim-2,fl:ju_ln:seo-14,0
10445655,10445317,2019-10-15,2019-10-15,fl:ma_ln:sanchez-45,fl:ma_ln:sanchez-45,1
10445655,10445703,2019-10-15,2019-10-15,fl:ma_ln:sanchez-45,fl:ri_ln:atkins-4,0
11477758,10448364,2022-10-18,2019-10-15,fl:ka_ln:gulati-1,fl:ka_ln:gulati-1,1
11477758,10467036,2022-10-18,2019-11-05,fl:ka_ln:gulati-1,fl:an_ln:sailer-3,0
10467901,10441742,2019-11-05,2019-10-15,fl:ka_ln:hatta-7,fl:ka_ln:hatta-7,1
10467901,10463396,2019-11-05,2019-11-05,fl:ka_ln:hatta-7,fl:mi_ln:kane-6,0
11472022,11472633,2022-10-18,2022-10-18,fl:be_ln:cohen-10,fl:be_ln:cohen-10,1
11472022,10447699,2022-10-18,2019-10-15,fl:be_ln:cohen-10,fl:ji_ln:liu-662,0
10397754,10470048,2019-08-27,2019-11-05,fl:si_ln:mallik-2,fl:si_ln:mallik-2,1
10397754,10470132,2019-08-27,2019-11-05,fl:si_ln:mallik-2,fl:ed_ln:callaway-2,0
10464185,10391603,2019-11-05,2019-08-27,fl:ke_ln:namiki-2,fl:ke_ln:namiki-2,1
10464185,10445426,2019-11-05,2019-10-15,fl:ke_ln:namiki-2,fl:su_ln:kumar-52,0
10396214,10468311,2019-08-27,2019-11-05,fl:al_ln:reznicek-1,fl:al_ln:reznicek-1,1
10396214,11476670,2019-08-27,2022-10-18,fl:al_ln:reznicek-1,fl:we_ln:liu-292,0
10448015,11477475,2019-10-15,2022-10-18,fl:ju_ln:nam-38,fl:ju_ln:nam-38,1
10448015,10393758,2019-10-15,2019-08-27,fl:ju_ln:nam-38,fl:cr_ln:mayorgamayorga-1,0
10466477,11474362,2019-11-05,2022-10-18,fl:br_ln:schowengerdt-1,fl:br_ln:schowengerdt-1,1
10466477,10446662,2019-11-05,2019-10-15,fl:br_ln:schowengerdt-1,fl:ha_ln:liao-46,0
10396424,10396954,2019-08-27,2019-08-27,fl:ro_ln:bennett-39,fl:ro_ln:bennett-39,1
10396424,10401654,2019-08-27,2019-09-03,fl:ro_ln:bennett-39,fl:du_ln:lam-5,0
10401252,11471005,2019-09-03,2022-10-18,fl:pa_ln:metcalfe-3,fl:pa_ln:metcalfe-3,1
10401252,10468711,2019-09-03,2019-11-05,fl:pa_ln:metcalfe-3,fl:mi_ln:kodama-11,0
10446212,10403381,2019-10-15,2019-09-03,fl:ta_ln:shimada-29,fl:ta_ln:shimada-29,1
10446212,11477512,2019-10-15,2022-10-18,fl:ta_ln:shimada-29,fl:er_ln:tseng-6,0
10467968,10401693,2019-11-05,2019-09-03,fl:ka_ln:kikuchi-22,fl:ka_ln:kikuchi-22,1
10467968,10390670,2019-11-05,2019-08-27,fl:ka_ln:kikuchi-22,fl:ka_ln:robinson-2,0
10470191,11476982,2019-11-05,2022-10-18,fl:le_ln:liu-20,fl:le_ln:liu-20,1
10470191,11476553,2019-11-05,2022-10-18,fl:le_ln:liu-20,fl:pi_ln:bosshard-1,0
10403473,10396277,2019-09-03,2019-08-27,fl:jo_ln:park-601,fl:jo_ln:park-601,1
10403473,11476945,2019-09-03,2022-10-18,fl:jo_ln:park-601,fl:ja_ln:park-49,0
10395332,10467704,2019-08-27,2019-11-05,fl:sc_ln:farris-1,fl:sc_ln:farris-1,1
10395332,10402362,2019-08-27,2019-09-03,fl:sc_ln:farris-1,fl:ro_ln:liu-35,0
10446249,10446212,2019-10-15,2019-10-15,fl:mi_ln:quinsat-1,fl:mi_ln:quinsat-1,1
10446249,11472690,2019-10-15,2022-10-18,fl:mi_ln:quinsat-1,fl:ma_ln:ambauen-3,0
10396069,10395977,2019-08-27,2019-08-27,fl:th_ln:standaert-2,fl:th_ln:standaert-2,1
10396069,10402681,2019-08-27,2019-09-03,fl:th_ln:standaert-2,fl:ma_ln:aiba-6,0
10447304,10404285,2019-10-15,2019-09-03,fl:na_ln:hur-3,fl:na_ln:hur-3,1
10447304,10403193,2019-10-15,2019-09-03,fl:na_ln:hur-3,fl:by_ln:kim-192,0
10469298,11477826,2019-11-05,2022-10-18,fl:he_ln:lee-271,fl:he_ln:lee-271,1
10469298,10448460,2019-11-05,2019-10-15,fl:he_ln:lee-271,fl:an_ln:deangelis-2,0
10448331,11477687,2019-10-15,2022-10-18,fl:le_ln:liu-20,fl:le_ln:liu-20,1
10448331,10442435,2019-10-15,2019-10-15,fl:le_ln:liu-20,fl:fa_ln:zhu-14,0
10466487,11471553,2019-11-05,2022-10-18,fl:ro_ln:blum-6,fl:ro_ln:blum-6,1
10466487,11472931,2019-11-05,2022-10-18,fl:ro_ln:blum-6,fl:ya_ln:martinezrubi-1,0
10470241,10405193,2019-11-05,2019-09-03,fl:zh_ln:cui-42,fl:zh_ln:cui-42,1
10470241,10467040,2019-11-05,2019-11-05,fl:zh_ln:cui-42,fl:fa_ln:yousaf-1,0
10390890,11477265,2019-08-27,2022-10-18,fl:ar_ln:jagga-1,fl:ar_ln:jagga-1,1
10390890,10395067,2019-08-27,2019-08-27,fl:ar_ln:jagga-1,fl:mi_ln:peets-1,0
10396819,10396818,2019-08-27,2019-08-27,fl:se_ln:myung-12,fl:se_ln:myung-12,1
10396819,10465147,2019-08-27,2019-11-05,fl:se_ln:myung-12,fl:xi_ln:ni-5,0
10469294,10448160,2019-11-05,2019-10-15,fl:do_ln:kim-668,fl:do_ln:kim-668,1
10469294,10401105,2019-11-05,2019-09-03,fl:do_ln:kim-668,fl:jo_ln:wilson-69,0
10467866,10467859,2019-11-05,2019-11-05,fl:br_ln:berman-6,fl:br_ln:berman-6,1
10467866,10396317,2019-11-05,2019-08-27,fl:br_ln:berman-6,fl:hy_ln:park-281,0
10470174,11477745,2019-11-05,2022-10-18,fl:sa_ln:vermani-1,fl:sa_ln:vermani-1,1
10470174,10442081,2019-11-05,2019-10-15,fl:sa_ln:vermani-1,fl:ke_ln:okada-6,0
10397253,11475211,2019-08-27,2022-10-18,fl:aa_ln:baughman-1,fl:aa_ln:baughman-1,1
10397253,11477572,2019-08-27,2022-10-18,fl:aa_ln:baughman-1,fl:na_ln:shinmen-1,0
10464460,10391910,2019-11-05,2019-08-27,fl:jo_ln:line-2,fl:jo_ln:line-2,1
10464460,10466328,2019-11-05,2019-11-05,fl:jo_ln:line-2,fl:da_ln:lee-68,0
10402927,10390755,2019-09-03,2019-08-27,fl:cl_ln:tegreene-2,fl:cl_ln:tegreene-2,1
10402927,10469247,2019-09-03,2019-11-05,fl:cl_ln:tegreene-2,fl:be_ln:smeets-2,0
10401687,11474387,2019-09-03,2022-10-18,fl:hi_ln:sonoda-18,fl:hi_ln:sonoda-18,1
10401687,10447096,2019-09-03,2019-10-15,fl:hi_ln:sonoda-18,fl:yo_ln:miyama-3,0
10392427,10464991,2019-08-27,2019-11-05,fl:ol_ln:schoor-1,fl:ol_ln:schoor-1,1
10392427,10396293,2019-08-27,2019-08-27,fl:ol_ln:schoor-1,fl:sy_ln:nicht-1,0
11474561,10444798,2022-10-18,2019-10-15,fl:mi_ln:choi-58,fl:mi_ln:choi-58,1
11474561,10445658,2022-10-18,2019-10-15,fl:mi_ln:choi-58,fl:th_ln:vacek-1,0
10397832,10397766,2019-08-27,2019-08-27,fl:yo_ln:lee-905,fl:yo_ln:lee-905,1
10397832,11477667,2019-08-27,2022-10-18,fl:yo_ln:lee-905,fl:ma_ln:cummings-12,0
10405433,11476152,2019-09-03,2022-10-18,fl:ju_ln:costa-2,fl:ju_ln:costa-2,1
10405433,10444877,2019-09-03,2019-10-15,fl:ju_ln:costa-2,fl:yo_ln:ha-77,0
10441127,10463214,2019-10-15,2019-11-05,fl:ji_ln:wu-375,fl:ji_ln:wu-375,1
10441127,10467806,2019-10-15,2019-11-05,fl:ji_ln:wu-375,fl:ed_ln:jennings-3,0
10390726,10402535,2019-08-27,2019-09-03,fl:do_ln:comaniciu-1,fl:do_ln:comaniciu-1,1
10390726,10447170,2019-08-27,2019-10-15,fl:do_ln:comaniciu-1,fl:to_ln:wu-10,0
10469968,10403294,2019-11-05,2019-09-03,fl:mo_ln:kim-5,fl:mo_ln:kim-5,1
10469968,10442243,2019-11-05,2019-10-15,fl:mo_ln:kim-5,fl:ch_ln:koehler-12,0
10447448,10469230,2019-10-15,2019-11-05,fl:wo_ln:lee-305,fl:wo_ln:lee-305,1
10447448,10469005,2019-10-15,2019-11-05,fl:wo_ln:lee-305,fl:ya_ln:cui-17,0
10398947,10441858,2019-09-03,2019-10-15,fl:br_ln:schweigert-2,fl:br_ln:schweigert-2,1
10398947,11477569,2019-09-03,2022-10-18,fl:br_ln:schweigert-2,fl:br_ln:zwernemann-1,0
10398466,10463887,2019-09-03,2019-11-05,fl:ke_ln:houser-1,fl:ke_ln:houser-1,1
10398466,10443830,2019-09-03,2019-10-15,fl:ke_ln:houser-1,fl:fo_ln:reyes-1,0
10444761,10395117,2019-10-15,2019-08-27,fl:gr_ln:tsai-1,fl:gr_ln:tsai-1,1
10444761,10463439,2019-10-15,2019-11-05,fl:gr_ln:tsai-1,fl:fr_ln:macnamara-1,0
